Function,CPU Time,CPU Time:Effective Time,CPU Time:Spin Time,CPU Time:Spin Time:Imbalance or Serial Spinning,CPU Time:Spin Time:Lock Contention,CPU Time:Spin Time:Other,CPU Time:Overhead Time,CPU Time:Overhead Time:Creation,CPU Time:Overhead Time:Scheduling,CPU Time:Overhead Time:Reduction,CPU Time:Overhead Time:Atomics,CPU Time:Overhead Time:Other,Module,Function (Full),Source File,Start Address
_mm256_sub_pd,1.480008,1.480008,0.0,0.0,0.0,0.0,0.0,0.0,0.0,0.0,0.0,0.0,md-flexible,_mm256_sub_pd,avxintrin.h,0x5564f8
autopas::VerletListHelpers<mdLib::MoleculeLJ>::VerletListGeneratorFunctor::SoAFunctorPair,1.127973,1.127973,0.0,0.0,0.0,0.0,0.0,0.0,0.0,0.0,0.0,0.0,md-flexible,"autopas::VerletListHelpers<mdLib::MoleculeLJ>::VerletListGeneratorFunctor::SoAFunctorPair(autopas::SoAView<std::tuple<std::vector<mdLib::MoleculeLJ*, autopas::AlignedAllocator<mdLib::MoleculeLJ*, (unsigned long)64>>, std::vector<unsigned long, autopas::AlignedAllocator<unsigned long, (unsigned long)64>>, std::vector<double, autopas::AlignedAllocator<double, (unsigned long)64>>, std::vector<double, autopas::AlignedAllocator<double, (unsigned long)64>>, std::vector<double, autopas::AlignedAllocator<double, (unsigned long)64>>, std::vector<double, autopas::AlignedAllocator<double, (unsigned long)64>>, std::vector<double, autopas::AlignedAllocator<double, (unsigned long)64>>, std::vector<double, autopas::AlignedAllocator<double, (unsigned long)64>>, std::vector<double, autopas::AlignedAllocator<double, (unsigned long)64>>, std::vector<double, autopas::AlignedAllocator<double, (unsigned long)64>>, std::vector<double, autopas::AlignedAllocator<double, (unsigned long)64>>, std::vector<double, autopas::AlignedAllocator<double, (unsigned long)64>>, std::vector<double, autopas::AlignedAllocator<double, (unsigned long)64>>, std::vector<double, autopas::AlignedAllocator<double, (unsigned long)64>>, std::vector<unsigned long, autopas::AlignedAllocator<unsigned long, (unsigned long)64>>, std::vector<autopas::OwnershipState, autopas::AlignedAllocator<autopas::OwnershipState, (unsigned long)64>>>>, autopas::SoAView<std::tuple<std::vector<mdLib::MoleculeLJ*, autopas::AlignedAllocator<mdLib::MoleculeLJ*, (unsigned long)64>>, std::vector<unsigned long, autopas::AlignedAllocator<unsigned long, (unsigned long)64>>, std::vector<double, autopas::AlignedAllocator<double, (unsigned long)64>>, std::vector<double, autopas::AlignedAllocator<double, (unsigned long)64>>, std::vector<double, autopas::AlignedAllocator<double, (unsigned long)64>>, std::vector<double, autopas::AlignedAllocator<double, (unsigned long)64>>, std::vector<double, autopas::AlignedAllocator<double, (unsigned long)64>>, std::vector<double, autopas::AlignedAllocator<double, (unsigned long)64>>, std::vector<double, autopas::AlignedAllocator<double, (unsigned long)64>>, std::vector<double, autopas::AlignedAllocator<double, (unsigned long)64>>, std::vector<double, autopas::AlignedAllocator<double, (unsigned long)64>>, std::vector<double, autopas::AlignedAllocator<double, (unsigned long)64>>, std::vector<double, autopas::AlignedAllocator<double, (unsigned long)64>>, std::vector<double, autopas::AlignedAllocator<double, (unsigned long)64>>, std::vector<unsigned long, autopas::AlignedAllocator<unsigned long, (unsigned long)64>>, std::vector<autopas::OwnershipState, autopas::AlignedAllocator<autopas::OwnershipState, (unsigned long)64>>>>, bool)",VerletListHelpers.h,0x509c40
"mdLib::LJFunctorAVX<mdLib::MoleculeLJ, (bool)1, (bool)1, (autopas::FunctorN3Modes)2, (bool)0, (bool)0, (bool)1>::SoAFunctorVerletImpl<(bool)0>",1.113943,1.113943,0.0,0.0,0.0,0.0,0.0,0.0,0.0,0.0,0.0,0.0,md-flexible,"mdLib::LJFunctorAVX<mdLib::MoleculeLJ, (bool)1, (bool)1, (autopas::FunctorN3Modes)2, (bool)0, (bool)0, (bool)1>::SoAFunctorVerletImpl<(bool)0>(autopas::SoAView<std::tuple<std::vector<mdLib::MoleculeLJ*, autopas::AlignedAllocator<mdLib::MoleculeLJ*, (unsigned long)64>>, std::vector<unsigned long, autopas::AlignedAllocator<unsigned long, (unsigned long)64>>, std::vector<double, autopas::AlignedAllocator<double, (unsigned long)64>>, std::vector<double, autopas::AlignedAllocator<double, (unsigned long)64>>, std::vector<double, autopas::AlignedAllocator<double, (unsigned long)64>>, std::vector<double, autopas::AlignedAllocator<double, (unsigned long)64>>, std::vector<double, autopas::AlignedAllocator<double, (unsigned long)64>>, std::vector<double, autopas::AlignedAllocator<double, (unsigned long)64>>, std::vector<double, autopas::AlignedAllocator<double, (unsigned long)64>>, std::vector<double, autopas::AlignedAllocator<double, (unsigned long)64>>, std::vector<double, autopas::AlignedAllocator<double, (unsigned long)64>>, std::vector<double, autopas::AlignedAllocator<double, (unsigned long)64>>, std::vector<double, autopas::AlignedAllocator<double, (unsigned long)64>>, std::vector<double, autopas::AlignedAllocator<double, (unsigned long)64>>, std::vector<unsigned long, autopas::AlignedAllocator<unsigned long, (unsigned long)64>>, std::vector<autopas::OwnershipState, autopas::AlignedAllocator<autopas::OwnershipState, (unsigned long)64>>>>, unsigned long, std::vector<unsigned long, autopas::AlignedAllocator<unsigned long, (unsigned long)64>> const&)",LJFunctorAVX.h,0x556330
"std::unordered_map<mdLib::MoleculeLJ const*, unsigned long, std::hash<mdLib::MoleculeLJ const*>, std::equal_to<mdLib::MoleculeLJ const*>, std::allocator<std::pair<mdLib::MoleculeLJ const* const, unsigned long>>>::find",0.303986,0.303986,0.0,0.0,0.0,0.0,0.0,0.0,0.0,0.0,0.0,0.0,md-flexible,"std::unordered_map<mdLib::MoleculeLJ const*, unsigned long, std::hash<mdLib::MoleculeLJ const*>, std::equal_to<mdLib::MoleculeLJ const*>, std::allocator<std::pair<mdLib::MoleculeLJ const* const, unsigned long>>>::find(mdLib::MoleculeLJ const* const&)",unordered_map.h,0x5415cb
"std::vector<mdLib::MoleculeLJ*, std::allocator<mdLib::MoleculeLJ*>>::push_back",0.290027,0.290027,0.0,0.0,0.0,0.0,0.0,0.0,0.0,0.0,0.0,0.0,md-flexible,"std::vector<mdLib::MoleculeLJ*, std::allocator<mdLib::MoleculeLJ*>>::push_back(mdLib::MoleculeLJ* const&)",stl_vector.h,0x509cb9
_mm256_add_pd,0.287952,0.287952,0.0,0.0,0.0,0.0,0.0,0.0,0.0,0.0,0.0,0.0,md-flexible,_mm256_add_pd,avxintrin.h,0x556621
_mm256_add_pd,0.287907,0.287907,0.0,0.0,0.0,0.0,0.0,0.0,0.0,0.0,0.0,0.0,md-flexible,_mm256_add_pd,avxintrin.h,0x556526
_mm256_sub_pd,0.267993,0.267993,0.0,0.0,0.0,0.0,0.0,0.0,0.0,0.0,0.0,0.0,md-flexible,_mm256_sub_pd,avxintrin.h,0x5565ec
_ZN5mdLib12LJFunctorAVXINS_10MoleculeLJELb1ELb1ELN7autopas14FunctorN3ModesE2ELb0ELb0ELb1EE9SoAKernelILb0ELb0EEEvmDv4_xPKlRKDv4_dSB_SB_PKdSD_SD_PdSE_SE_PKmSG_RS9_SH_SH_PS9_SI_SI_SI_j,0.255999,0.255999,0.0,0.0,0.0,0.0,0.0,0.0,0.0,0.0,0.0,0.0,md-flexible,_ZN5mdLib12LJFunctorAVXINS_10MoleculeLJELb1ELb1ELN7autopas14FunctorN3ModesE2ELb0ELb0ELb1EE9SoAKernelILb0ELb0EEEvmDv4_xPKlRKDv4_dSB_SB_PKdSD_SD_PdSE_SE_PKmSG_RS9_SH_SH_PS9_SI_SI_SI_j,LJFunctorAVX.h,0x556430
_mm256_set_pd,0.255966,0.255966,0.0,0.0,0.0,0.0,0.0,0.0,0.0,0.0,0.0,0.0,md-flexible,_mm256_set_pd,avxintrin.h,0x5564f8
_mm256_and_pd,0.235934,0.235934,0.0,0.0,0.0,0.0,0.0,0.0,0.0,0.0,0.0,0.0,md-flexible,_mm256_and_pd,avxintrin.h,0x556531
_mm256_cmp_pd,0.224165,0.224165,0.0,0.0,0.0,0.0,0.0,0.0,0.0,0.0,0.0,0.0,md-flexible,_mm256_cmp_pd,avxintrin.h,0x55652b
_mm256_cmp_pd,0.219970,0.219970,0.0,0.0,0.0,0.0,0.0,0.0,0.0,0.0,0.0,0.0,md-flexible,_mm256_cmp_pd,avxintrin.h,0x55650d
autopas::VerletListsLinkedReferencesBase<mdLib::MoleculeLJ>::hilbertAxesToTranspose,0.196018,0.196018,0.0,0.0,0.0,0.0,0.0,0.0,0.0,0.0,0.0,0.0,md-flexible,"autopas::VerletListsLinkedReferencesBase<mdLib::MoleculeLJ>::hilbertAxesToTranspose(std::array<unsigned long, (unsigned long)3>&, unsigned int) const",VerletListsLinkedReferencesBase.h,0x538d19
_mm256_mul_pd,0.192048,0.192048,0.0,0.0,0.0,0.0,0.0,0.0,0.0,0.0,0.0,0.0,md-flexible,_mm256_mul_pd,avxintrin.h,0x5565e4
"ParticlePropertiesLibrary<double, unsigned long>::getMixing24Epsilon",0.169992,0.169992,0.0,0.0,0.0,0.0,0.0,0.0,0.0,0.0,0.0,0.0,md-flexible,"ParticlePropertiesLibrary<double, unsigned long>::getMixing24Epsilon(unsigned long, unsigned long) const",ParticlePropertiesLibrary.h,0x556437
_mm256_set_pd,0.143992,0.143992,0.0,0.0,0.0,0.0,0.0,0.0,0.0,0.0,0.0,0.0,md-flexible,_mm256_set_pd,avxintrin.h,0x5564f8
_mm256_mul_pd,0.124012,0.124012,0.0,0.0,0.0,0.0,0.0,0.0,0.0,0.0,0.0,0.0,md-flexible,_mm256_mul_pd,avxintrin.h,0x5565fa
_mm256_and_pd,0.123998,0.123998,0.0,0.0,0.0,0.0,0.0,0.0,0.0,0.0,0.0,0.0,md-flexible,_mm256_and_pd,avxintrin.h,0x5565fa
autopas::VerletListsLinkedReferencesBase<mdLib::MoleculeLJ>::hilbertKey,0.116010,0.116010,0.0,0.0,0.0,0.0,0.0,0.0,0.0,0.0,0.0,0.0,md-flexible,"autopas::VerletListsLinkedReferencesBase<mdLib::MoleculeLJ>::hilbertKey(std::array<unsigned long, (unsigned long)3>, unsigned int) const",VerletListsLinkedReferencesBase.h,0x538d19
_mm256_add_pd,0.114057,0.114057,0.0,0.0,0.0,0.0,0.0,0.0,0.0,0.0,0.0,0.0,md-flexible,_mm256_add_pd,avxintrin.h,0x5565f5
"std::vector<mdLib::MoleculeLJ*, std::allocator<mdLib::MoleculeLJ*>>::push_back",0.099985,0.099985,0.0,0.0,0.0,0.0,0.0,0.0,0.0,0.0,0.0,0.0,md-flexible,"std::vector<mdLib::MoleculeLJ*, std::allocator<mdLib::MoleculeLJ*>>::push_back(mdLib::MoleculeLJ* const&)",stl_vector.h,0x50a323
autopas::internal::CellBlock3D<autopas::ReferenceParticleCell<mdLib::MoleculeLJ>>::get3DIndexOfPosition,0.087974,0.087974,0.0,0.0,0.0,0.0,0.0,0.0,0.0,0.0,0.0,0.0,md-flexible,"autopas::internal::CellBlock3D<autopas::ReferenceParticleCell<mdLib::MoleculeLJ>>::get3DIndexOfPosition(std::array<double, (unsigned long)3> const&) const",CellBlock3D.h,0x537b20
"autopas::containerIteratorUtils::particleFulfillsIteratorRequirements<(bool)0, mdLib::MoleculeLJ, std::array<double, (unsigned long)3>>",0.084024,0.084024,0.0,0.0,0.0,0.0,0.0,0.0,0.0,0.0,0.0,0.0,md-flexible,"autopas::containerIteratorUtils::particleFulfillsIteratorRequirements<(bool)0, mdLib::MoleculeLJ, std::array<double, (unsigned long)3>>(mdLib::MoleculeLJ const&, autopas::options::IteratorBehavior, std::array<double, (unsigned long)3> const&, std::array<double, (unsigned long)3> const&)",ContainerIterator.h,0x50e71f
autopas::VerletListHelpers<mdLib::MoleculeLJ>::VerletListGeneratorFunctor::SoAFunctorSingle,0.083999,0.083999,0.0,0.0,0.0,0.0,0.0,0.0,0.0,0.0,0.0,0.0,md-flexible,"autopas::VerletListHelpers<mdLib::MoleculeLJ>::VerletListGeneratorFunctor::SoAFunctorSingle(autopas::SoAView<std::tuple<std::vector<mdLib::MoleculeLJ*, autopas::AlignedAllocator<mdLib::MoleculeLJ*, (unsigned long)64>>, std::vector<unsigned long, autopas::AlignedAllocator<unsigned long, (unsigned long)64>>, std::vector<double, autopas::AlignedAllocator<double, (unsigned long)64>>, std::vector<double, autopas::AlignedAllocator<double, (unsigned long)64>>, std::vector<double, autopas::AlignedAllocator<double, (unsigned long)64>>, std::vector<double, autopas::AlignedAllocator<double, (unsigned long)64>>, std::vector<double, autopas::AlignedAllocator<double, (unsigned long)64>>, std::vector<double, autopas::AlignedAllocator<double, (unsigned long)64>>, std::vector<double, autopas::AlignedAllocator<double, (unsigned long)64>>, std::vector<double, autopas::AlignedAllocator<double, (unsigned long)64>>, std::vector<double, autopas::AlignedAllocator<double, (unsigned long)64>>, std::vector<double, autopas::AlignedAllocator<double, (unsigned long)64>>, std::vector<double, autopas::AlignedAllocator<double, (unsigned long)64>>, std::vector<double, autopas::AlignedAllocator<double, (unsigned long)64>>, std::vector<unsigned long, autopas::AlignedAllocator<unsigned long, (unsigned long)64>>, std::vector<autopas::OwnershipState, autopas::AlignedAllocator<autopas::OwnershipState, (unsigned long)64>>>>, bool)",VerletListHelpers.h,0x50a140
autopas::VerletListsLinkedReferencesBase<mdLib::MoleculeLJ>::getBlockCoordinateForPosition,0.076042,0.076042,0.0,0.0,0.0,0.0,0.0,0.0,0.0,0.0,0.0,0.0,md-flexible,"autopas::VerletListsLinkedReferencesBase<mdLib::MoleculeLJ>::getBlockCoordinateForPosition(std::array<double, (unsigned long)3> const&) const",VerletListsLinkedReferencesBase.h,0x538a14
"std::vector<mdLib::MoleculeLJ*, std::allocator<mdLib::MoleculeLJ*>>::push_back",0.068009,0.068009,0.0,0.0,0.0,0.0,0.0,0.0,0.0,0.0,0.0,0.0,md-flexible,"std::vector<mdLib::MoleculeLJ*, std::allocator<mdLib::MoleculeLJ*>>::push_back(mdLib::MoleculeLJ* const&)",stl_vector.h,0x50a2be
_mm256_div_pd,0.064030,0.064030,0.0,0.0,0.0,0.0,0.0,0.0,0.0,0.0,0.0,0.0,md-flexible,_mm256_div_pd,avxintrin.h,0x5565a6
_mid_memalign.isra.0,0.064006,0.064006,0.0,0.0,0.0,0.0,0.0,0.0,0.0,0.0,0.0,0.0,libc.so.6,_mid_memalign.isra.0,[Unknown],0xb844e
autopas::VerletListsLinkedReferencesBase<mdLib::MoleculeLJ>::sortingKeyForParticle,0.063940,0.063940,0.0,0.0,0.0,0.0,0.0,0.0,0.0,0.0,0.0,0.0,md-flexible,autopas::VerletListsLinkedReferencesBase<mdLib::MoleculeLJ>::sortingKeyForParticle(mdLib::MoleculeLJ const&) const,VerletListsLinkedReferencesBase.h,0x538840
_mm256_movemask_pd,0.060000,0.060000,0.0,0.0,0.0,0.0,0.0,0.0,0.0,0.0,0.0,0.0,md-flexible,_mm256_movemask_pd,avxintrin.h,0x556535
autopas::LinkedCellsReferences<mdLib::MoleculeLJ>::getParticle,0.059976,0.059976,0.0,0.0,0.0,0.0,0.0,0.0,0.0,0.0,0.0,0.0,md-flexible,"autopas::LinkedCellsReferences<mdLib::MoleculeLJ>::getParticle(unsigned long, unsigned long, autopas::options::IteratorBehavior) const",LinkedCellsReferences.h,0x50e640
TimeDiscretization::calculatePositionsAndResetForces._omp_fn.0,0.056023,0.056023,0.0,0.0,0.0,0.0,0.0,0.0,0.0,0.0,0.0,0.0,md-flexible,TimeDiscretization::calculatePositionsAndResetForces._omp_fn.0,TimeDiscretization.cpp,0x4593c0
"ParticlePropertiesLibrary<double, unsigned long>::getMixing24Epsilon",0.055982,0.055982,0.0,0.0,0.0,0.0,0.0,0.0,0.0,0.0,0.0,0.0,md-flexible,"ParticlePropertiesLibrary<double, unsigned long>::getMixing24Epsilon(unsigned long, unsigned long) const",ParticlePropertiesLibrary.h,0x5564f8
_ZN7autopas7FunctorIN5mdLib10MoleculeLJENS1_12LJFunctorAVXIS2_Lb1ELb1ELNS_14FunctorN3ModesE2ELb0ELb0ELb1EEEE16SoAExtractorImplIJLm0ELm1ELm2EEEEvRSt6vectorIPS2_SaIS9_EERNS_3SoAISt5tupleIJS8_IS9_NS_16AlignedAllocatorIS9_Lm64EEEES8_ImNSF_ImLm64EEEES8_IdNSF_IdLm64EEEESL_SL_SL_SL_SL_SL_SL_SL_SL_SL_SL_SJ_S8_INS_14OwnershipStateENSF_ISM_Lm64EEEEEEEESt16integer_sequenceImJXspT_EEE,0.052062,0.052062,0.0,0.0,0.0,0.0,0.0,0.0,0.0,0.0,0.0,0.0,md-flexible,_ZN7autopas7FunctorIN5mdLib10MoleculeLJENS1_12LJFunctorAVXIS2_Lb1ELb1ELNS_14FunctorN3ModesE2ELb0ELb0ELb1EEEE16SoAExtractorImplIJLm0ELm1ELm2EEEEvRSt6vectorIPS2_SaIS9_EERNS_3SoAISt5tupleIJS8_IS9_NS_16AlignedAllocatorIS9_Lm64EEEES8_ImNSF_ImLm64EEEES8_IdNSF_IdLm64EEEESL_SL_SL_SL_SL_SL_SL_SL_SL_SL_SL_SJ_S8_INS_14OwnershipStateENSF_ISM_Lm64EEEEEEEESt16integer_sequenceImJXspT_EEE,Functor.h,0x5691e8
"std::unordered_map<mdLib::MoleculeLJ*, std::vector<mdLib::MoleculeLJ*, std::allocator<mdLib::MoleculeLJ*>>, std::hash<mdLib::MoleculeLJ*>, std::equal_to<mdLib::MoleculeLJ*>, std::allocator<std::pair<mdLib::MoleculeLJ* const, std::vector<mdLib::MoleculeLJ*, std::allocator<mdLib::MoleculeLJ*>>>>>::clear",0.052006,0.052006,0.0,0.0,0.0,0.0,0.0,0.0,0.0,0.0,0.0,0.0,md-flexible,"std::unordered_map<mdLib::MoleculeLJ*, std::vector<mdLib::MoleculeLJ*, std::allocator<mdLib::MoleculeLJ*>>, std::hash<mdLib::MoleculeLJ*>, std::equal_to<mdLib::MoleculeLJ*>, std::allocator<std::pair<mdLib::MoleculeLJ* const, std::vector<mdLib::MoleculeLJ*, std::allocator<mdLib::MoleculeLJ*>>>>>::clear(void)",unordered_map.h,0x542740
__memset_evex_unaligned_erms,0.048059,0.048059,0.0,0.0,0.0,0.0,0.0,0.0,0.0,0.0,0.0,0.0,libc.so.6,__memset_evex_unaligned_erms,[Unknown],0x18f6ce
_mm256_add_pd,0.048016,0.048016,0.0,0.0,0.0,0.0,0.0,0.0,0.0,0.0,0.0,0.0,md-flexible,_mm256_add_pd,avxintrin.h,0x55661c
std::min<unsigned long>,0.043997,0.043997,0.0,0.0,0.0,0.0,0.0,0.0,0.0,0.0,0.0,0.0,md-flexible,"std::min<unsigned long>(unsigned long const&, unsigned long const&)",stl_algobase.h,0x537b77
"mdLib::MoleculeLJ::get<(mdLib::MoleculeLJ::AttributeNames)2, (bool)1>",0.043994,0.043994,0.0,0.0,0.0,0.0,0.0,0.0,0.0,0.0,0.0,0.0,md-flexible,"mdLib::MoleculeLJ::get<(mdLib::MoleculeLJ::AttributeNames)2, (bool)1>(void) const",MoleculeLJ.h,0x589b8d
_mm256_sub_pd,0.040000,0.040000,0.0,0.0,0.0,0.0,0.0,0.0,0.0,0.0,0.0,0.0,md-flexible,_mm256_sub_pd,avxintrin.h,0x556504
"std::vector<ParticlePropertiesLibrary<double, unsigned long>::PackedLJMixingData, autopas::AlignedAllocator<ParticlePropertiesLibrary<double, unsigned long>::PackedLJMixingData, (unsigned long)64>>::operator[]",0.039962,0.039962,0.0,0.0,0.0,0.0,0.0,0.0,0.0,0.0,0.0,0.0,md-flexible,"std::vector<ParticlePropertiesLibrary<double, unsigned long>::PackedLJMixingData, autopas::AlignedAllocator<ParticlePropertiesLibrary<double, unsigned long>::PackedLJMixingData, (unsigned long)64>>::operator[](unsigned long) const",stl_vector.h,0x5564f8
autopas::internal::CellBlock3D<autopas::ReferenceParticleCell<mdLib::MoleculeLJ>>::getCellBoundingBox,0.036087,0.036087,0.0,0.0,0.0,0.0,0.0,0.0,0.0,0.0,0.0,0.0,md-flexible,"autopas::internal::CellBlock3D<autopas::ReferenceParticleCell<mdLib::MoleculeLJ>>::getCellBoundingBox(std::array<unsigned long, (unsigned long)3> const&) const",CellBlock3D.h,0x53a18d
"std::unordered_map<mdLib::MoleculeLJ*, std::vector<mdLib::MoleculeLJ*, std::allocator<mdLib::MoleculeLJ*>>, std::hash<mdLib::MoleculeLJ*>, std::equal_to<mdLib::MoleculeLJ*>, std::allocator<std::pair<mdLib::MoleculeLJ* const, std::vector<mdLib::MoleculeLJ*, std::allocator<mdLib::MoleculeLJ*>>>>>::operator[]",0.035994,0.035994,0.0,0.0,0.0,0.0,0.0,0.0,0.0,0.0,0.0,0.0,md-flexible,"std::unordered_map<mdLib::MoleculeLJ*, std::vector<mdLib::MoleculeLJ*, std::allocator<mdLib::MoleculeLJ*>>, std::hash<mdLib::MoleculeLJ*>, std::equal_to<mdLib::MoleculeLJ*>, std::allocator<std::pair<mdLib::MoleculeLJ* const, std::vector<mdLib::MoleculeLJ*, std::allocator<mdLib::MoleculeLJ*>>>>>::operator[](mdLib::MoleculeLJ*&&)",unordered_map.h,0x542810
"std::vector<ParticlePropertiesLibrary<double, unsigned long>::PackedLJMixingData, autopas::AlignedAllocator<ParticlePropertiesLibrary<double, unsigned long>::PackedLJMixingData, (unsigned long)64>>::operator[]",0.035968,0.035968,0.0,0.0,0.0,0.0,0.0,0.0,0.0,0.0,0.0,0.0,md-flexible,"std::vector<ParticlePropertiesLibrary<double, unsigned long>::PackedLJMixingData, autopas::AlignedAllocator<ParticlePropertiesLibrary<double, unsigned long>::PackedLJMixingData, (unsigned long)64>>::operator[](unsigned long) const",stl_vector.h,0x556460
"std::vector<double, autopas::AlignedAllocator<double, (unsigned long)64>>::size",0.032014,0.032014,0.0,0.0,0.0,0.0,0.0,0.0,0.0,0.0,0.0,0.0,md-flexible,"std::vector<double, autopas::AlignedAllocator<double, (unsigned long)64>>::size(void) const",stl_vector.h,0x54c15c
autopas::VerletListsLinkedReferencesBase<mdLib::MoleculeLJ>::ceilDiv,0.032012,0.032012,0.0,0.0,0.0,0.0,0.0,0.0,0.0,0.0,0.0,0.0,md-flexible,"autopas::VerletListsLinkedReferencesBase<mdLib::MoleculeLJ>::ceilDiv(unsigned long, unsigned long) const",VerletListsLinkedReferencesBase.h,0x538aaf
"std::unordered_map<mdLib::MoleculeLJ const*, unsigned long, std::hash<mdLib::MoleculeLJ const*>, std::equal_to<mdLib::MoleculeLJ const*>, std::allocator<std::pair<mdLib::MoleculeLJ const* const, unsigned long>>>::find",0.031984,0.031984,0.0,0.0,0.0,0.0,0.0,0.0,0.0,0.0,0.0,0.0,md-flexible,"std::unordered_map<mdLib::MoleculeLJ const*, unsigned long, std::hash<mdLib::MoleculeLJ const*>, std::equal_to<mdLib::MoleculeLJ const*>, std::allocator<std::pair<mdLib::MoleculeLJ const* const, unsigned long>>>::find(mdLib::MoleculeLJ const* const&)",unordered_map.h,0x541550
mdLib::MoleculeLJ::getTypeId,0.024028,0.024028,0.0,0.0,0.0,0.0,0.0,0.0,0.0,0.0,0.0,0.0,md-flexible,mdLib::MoleculeLJ::getTypeId(void) const,MoleculeLJ.cpp,0x6923b0
gomp_unset_lock_30,0.024010,0.024010,0.0,0.0,0.0,0.0,0.0,0.0,0.0,0.0,0.0,0.0,libgomp.so.1,gomp_unset_lock_30,lock.c,0x23de0
autopas::VerletListsLinkedReferencesBase<mdLib::MoleculeLJ>::getCellCoordinateForPosition,0.024009,0.024009,0.0,0.0,0.0,0.0,0.0,0.0,0.0,0.0,0.0,0.0,md-flexible,"autopas::VerletListsLinkedReferencesBase<mdLib::MoleculeLJ>::getCellCoordinateForPosition(std::array<double, (unsigned long)3> const&) const",VerletListsLinkedReferencesBase.h,0x538a34
autopas::VerletListsLinkedReferencesBase<mdLib::MoleculeLJ>::validateBlockSize,0.024005,0.024005,0.0,0.0,0.0,0.0,0.0,0.0,0.0,0.0,0.0,0.0,md-flexible,autopas::VerletListsLinkedReferencesBase<mdLib::MoleculeLJ>::validateBlockSize(void) const,VerletListsLinkedReferencesBase.h,0x538a14
_mm256_sub_pd,0.023992,0.023992,0.0,0.0,0.0,0.0,0.0,0.0,0.0,0.0,0.0,0.0,md-flexible,_mm256_sub_pd,avxintrin.h,0x55678d
"autopas::VLListIterationTraversal<autopas::ReferenceParticleCell<mdLib::MoleculeLJ>, mdLib::LJFunctorAVX<mdLib::MoleculeLJ, (bool)1, (bool)1, (autopas::FunctorN3Modes)2, (bool)0, (bool)0, (bool)1>>::traverseParticles._omp_fn.1",0.023988,0.023988,0.0,0.0,0.0,0.0,0.0,0.0,0.0,0.0,0.0,0.0,md-flexible,"autopas::VLListIterationTraversal<autopas::ReferenceParticleCell<mdLib::MoleculeLJ>, mdLib::LJFunctorAVX<mdLib::MoleculeLJ, (bool)1, (bool)1, (autopas::FunctorN3Modes)2, (bool)0, (bool)0, (bool)1>>::traverseParticles._omp_fn.1",VLListIterationTraversal.h,0x5808f0
autopas::VerletListsLinkedReferencesBase<mdLib::MoleculeLJ>::validateBlockSize,0.023975,0.023975,0.0,0.0,0.0,0.0,0.0,0.0,0.0,0.0,0.0,0.0,md-flexible,autopas::VerletListsLinkedReferencesBase<mdLib::MoleculeLJ>::validateBlockSize(void) const,VerletListsLinkedReferencesBase.h,0x538a42
cfree,0.023960,0.023960,0.0,0.0,0.0,0.0,0.0,0.0,0.0,0.0,0.0,0.0,libc.so.6,cfree,[Unknown],0xb880e
"autopas::VerletLists<mdLib::MoleculeLJ, autopas::VerletListsLinkedReferencesBase>::generateSoAListFromAoSVerletLists",0.020008,0.020008,0.0,0.0,0.0,0.0,0.0,0.0,0.0,0.0,0.0,0.0,md-flexible,"autopas::VerletLists<mdLib::MoleculeLJ, autopas::VerletListsLinkedReferencesBase>::generateSoAListFromAoSVerletLists(void)",VerletLists.h,0x541380
autopas::LogicHandler<mdLib::MoleculeLJ>::checkNeighborListsInvalidDoDynamicRebuild._omp_fn.0,0.020003,0.020003,0.0,0.0,0.0,0.0,0.0,0.0,0.0,0.0,0.0,0.0,md-flexible,autopas::LogicHandler<mdLib::MoleculeLJ>::checkNeighborListsInvalidDoDynamicRebuild._omp_fn.0,LogicHandler.h,0x514b60
"std::pair<std::array<double, (unsigned long)3>, std::array<double, (unsigned long)3>>::pair<std::array<double, (unsigned long)3>&, std::array<double, (unsigned long)3>&>",0.019986,0.019986,0.0,0.0,0.0,0.0,0.0,0.0,0.0,0.0,0.0,0.0,md-flexible,"std::pair<std::array<double, (unsigned long)3>, std::array<double, (unsigned long)3>>::pair<std::array<double, (unsigned long)3>&, std::array<double, (unsigned long)3>&>(std::array<double, (unsigned long)3>&&&, std::array<double, (unsigned long)3>&&&)",stl_pair.h,0x53a258
gomp_set_lock_30,0.019961,0.0,0.019961,0.0,0.019961,0.0,0.0,0.0,0.0,0.0,0.0,0.0,libgomp.so.1,gomp_set_lock_30,lock.c,0x23dc0
"std::unordered_map<mdLib::MoleculeLJ*, std::vector<mdLib::MoleculeLJ*, std::allocator<mdLib::MoleculeLJ*>>, std::hash<mdLib::MoleculeLJ*>, std::equal_to<mdLib::MoleculeLJ*>, std::allocator<std::pair<mdLib::MoleculeLJ* const, std::vector<mdLib::MoleculeLJ*, std::allocator<mdLib::MoleculeLJ*>>>>>::~unordered_map",0.018005,0.018005,0.0,0.0,0.0,0.0,0.0,0.0,0.0,0.0,0.0,0.0,md-flexible,"std::unordered_map<mdLib::MoleculeLJ*, std::vector<mdLib::MoleculeLJ*, std::allocator<mdLib::MoleculeLJ*>>, std::hash<mdLib::MoleculeLJ*>, std::equal_to<mdLib::MoleculeLJ*>, std::allocator<std::pair<mdLib::MoleculeLJ* const, std::vector<mdLib::MoleculeLJ*, std::allocator<mdLib::MoleculeLJ*>>>>>::~unordered_map(void)",unordered_map.h,0x525143
TimeDiscretization::calculateVelocities._omp_fn.0,0.016015,0.016015,0.0,0.0,0.0,0.0,0.0,0.0,0.0,0.0,0.0,0.0,md-flexible,TimeDiscretization::calculateVelocities._omp_fn.0,TimeDiscretization.cpp,0x459720
"std::unordered_map<mdLib::MoleculeLJ*, std::vector<mdLib::MoleculeLJ*, std::allocator<mdLib::MoleculeLJ*>>, std::hash<mdLib::MoleculeLJ*>, std::equal_to<mdLib::MoleculeLJ*>, std::allocator<std::pair<mdLib::MoleculeLJ* const, std::vector<mdLib::MoleculeLJ*, std::allocator<mdLib::MoleculeLJ*>>>>>::at",0.015989,0.015989,0.0,0.0,0.0,0.0,0.0,0.0,0.0,0.0,0.0,0.0,md-flexible,"std::unordered_map<mdLib::MoleculeLJ*, std::vector<mdLib::MoleculeLJ*, std::allocator<mdLib::MoleculeLJ*>>, std::hash<mdLib::MoleculeLJ*>, std::equal_to<mdLib::MoleculeLJ*>, std::allocator<std::pair<mdLib::MoleculeLJ* const, std::vector<mdLib::MoleculeLJ*, std::allocator<mdLib::MoleculeLJ*>>>>>::at(mdLib::MoleculeLJ* const&)",unordered_map.h,0x509d1a
_mm256_add_pd,0.015978,0.015978,0.0,0.0,0.0,0.0,0.0,0.0,0.0,0.0,0.0,0.0,md-flexible,_mm256_add_pd,avxintrin.h,0x5567aa
autopas::VerletListsLinkedReferencesBase<mdLib::MoleculeLJ>::ceilDiv,0.015973,0.015973,0.0,0.0,0.0,0.0,0.0,0.0,0.0,0.0,0.0,0.0,md-flexible,"autopas::VerletListsLinkedReferencesBase<mdLib::MoleculeLJ>::ceilDiv(unsigned long, unsigned long) const",VerletListsLinkedReferencesBase.h,0x538ac4
"std::vector<unsigned long, autopas::AlignedAllocator<unsigned long, (unsigned long)64>>::size",0.012007,0.012007,0.0,0.0,0.0,0.0,0.0,0.0,0.0,0.0,0.0,0.0,md-flexible,"std::vector<unsigned long, autopas::AlignedAllocator<unsigned long, (unsigned long)64>>::size(void) const",stl_vector.h,0x54c11e
autopas::utils::ThreeDimensionalMapping::oneToThreeD<unsigned long>,0.012007,0.012007,0.0,0.0,0.0,0.0,0.0,0.0,0.0,0.0,0.0,0.0,md-flexible,"autopas::utils::ThreeDimensionalMapping::oneToThreeD<unsigned long>(unsigned long, std::array<unsigned long, (unsigned long)3> const&)",ThreeDimensionalMapping.h,0x53a0f4
"std::vector<mdLib::MoleculeLJ*, std::allocator<mdLib::MoleculeLJ*>>::size",0.012007,0.012007,0.0,0.0,0.0,0.0,0.0,0.0,0.0,0.0,0.0,0.0,md-flexible,"std::vector<mdLib::MoleculeLJ*, std::allocator<mdLib::MoleculeLJ*>>::size(void) const",stl_vector.h,0x50e6f8
_mm256_set_pd,0.012005,0.012005,0.0,0.0,0.0,0.0,0.0,0.0,0.0,0.0,0.0,0.0,md-flexible,_mm256_set_pd,avxintrin.h,0x556770
"std::vector<ParticlePropertiesLibrary<double, unsigned long>::PackedLJMixingData, autopas::AlignedAllocator<ParticlePropertiesLibrary<double, unsigned long>::PackedLJMixingData, (unsigned long)64>>::operator[]",0.012003,0.012003,0.0,0.0,0.0,0.0,0.0,0.0,0.0,0.0,0.0,0.0,md-flexible,"std::vector<ParticlePropertiesLibrary<double, unsigned long>::PackedLJMixingData, autopas::AlignedAllocator<ParticlePropertiesLibrary<double, unsigned long>::PackedLJMixingData, (unsigned long)64>>::operator[](unsigned long) const",stl_vector.h,0x556708
"std::unordered_map<mdLib::MoleculeLJ const*, unsigned long, std::hash<mdLib::MoleculeLJ const*>, std::equal_to<mdLib::MoleculeLJ const*>, std::allocator<std::pair<mdLib::MoleculeLJ const* const, unsigned long>>>::operator[]",0.012002,0.012002,0.0,0.0,0.0,0.0,0.0,0.0,0.0,0.0,0.0,0.0,md-flexible,"std::unordered_map<mdLib::MoleculeLJ const*, unsigned long, std::hash<mdLib::MoleculeLJ const*>, std::equal_to<mdLib::MoleculeLJ const*>, std::allocator<std::pair<mdLib::MoleculeLJ const* const, unsigned long>>>::operator[](mdLib::MoleculeLJ const* const&)",unordered_map.h,0x541510
"autopas::SoAView<std::tuple<std::vector<mdLib::MoleculeLJ*, autopas::AlignedAllocator<mdLib::MoleculeLJ*, (unsigned long)64>>, std::vector<unsigned long, autopas::AlignedAllocator<unsigned long, (unsigned long)64>>, std::vector<double, autopas::AlignedAllocator<double, (unsigned long)64>>, std::vector<double, autopas::AlignedAllocator<double, (unsigned long)64>>, std::vector<double, autopas::AlignedAllocator<double, (unsigned long)64>>, std::vector<double, autopas::AlignedAllocator<double, (unsigned long)64>>, std::vector<double, autopas::AlignedAllocator<double, (unsigned long)64>>, std::vector<double, autopas::AlignedAllocator<double, (unsigned long)64>>, std::vector<double, autopas::AlignedAllocator<double, (unsigned long)64>>, std::vector<double, autopas::AlignedAllocator<double, (unsigned long)64>>, std::vector<double, autopas::AlignedAllocator<double, (unsigned long)64>>, std::vector<double, autopas::AlignedAllocator<double, (unsigned long)64>>, std::vector<double, autopas::AlignedAllocator<double, (unsigned long)64>>, std::vector<double, autopas::AlignedAllocator<double, (unsigned long)64>>, std::vector<unsigned long, autopas::AlignedAllocator<unsigned long, (unsigned long)64>>, std::vector<autopas::OwnershipState, autopas::AlignedAllocator<autopas::OwnershipState, (unsigned long)64>>>>::size",0.012001,0.012001,0.0,0.0,0.0,0.0,0.0,0.0,0.0,0.0,0.0,0.0,md-flexible,"autopas::SoAView<std::tuple<std::vector<mdLib::MoleculeLJ*, autopas::AlignedAllocator<mdLib::MoleculeLJ*, (unsigned long)64>>, std::vector<unsigned long, autopas::AlignedAllocator<unsigned long, (unsigned long)64>>, std::vector<double, autopas::AlignedAllocator<double, (unsigned long)64>>, std::vector<double, autopas::AlignedAllocator<double, (unsigned long)64>>, std::vector<double, autopas::AlignedAllocator<double, (unsigned long)64>>, std::vector<double, autopas::AlignedAllocator<double, (unsigned long)64>>, std::vector<double, autopas::AlignedAllocator<double, (unsigned long)64>>, std::vector<double, autopas::AlignedAllocator<double, (unsigned long)64>>, std::vector<double, autopas::AlignedAllocator<double, (unsigned long)64>>, std::vector<double, autopas::AlignedAllocator<double, (unsigned long)64>>, std::vector<double, autopas::AlignedAllocator<double, (unsigned long)64>>, std::vector<double, autopas::AlignedAllocator<double, (unsigned long)64>>, std::vector<double, autopas::AlignedAllocator<double, (unsigned long)64>>, std::vector<double, autopas::AlignedAllocator<double, (unsigned long)64>>, std::vector<unsigned long, autopas::AlignedAllocator<unsigned long, (unsigned long)64>>, std::vector<autopas::OwnershipState, autopas::AlignedAllocator<autopas::OwnershipState, (unsigned long)64>>>>::size(void) const",SoAView.h,0x509d52
mdLib::MoleculeLJ::getOldF,0.012001,0.012001,0.0,0.0,0.0,0.0,0.0,0.0,0.0,0.0,0.0,0.0,md-flexible,mdLib::MoleculeLJ::getOldF(void) const,MoleculeLJ.cpp,0x692380
autopas::internal::CellBlock3D<autopas::ReferenceParticleCell<mdLib::MoleculeLJ>>::cellCanContainHaloParticles,0.012000,0.012000,0.0,0.0,0.0,0.0,0.0,0.0,0.0,0.0,0.0,0.0,md-flexible,autopas::internal::CellBlock3D<autopas::ReferenceParticleCell<mdLib::MoleculeLJ>>::cellCanContainHaloParticles(unsigned long) const,CellBlock3D.h,0x4fe1d0
_mm256_cmp_pd,0.011999,0.011999,0.0,0.0,0.0,0.0,0.0,0.0,0.0,0.0,0.0,0.0,md-flexible,_mm256_cmp_pd,avxintrin.h,0x5567b4
autopas::ReferenceParticleCell<mdLib::MoleculeLJ>::operator[],0.011999,0.011999,0.0,0.0,0.0,0.0,0.0,0.0,0.0,0.0,0.0,0.0,md-flexible,autopas::ReferenceParticleCell<mdLib::MoleculeLJ>::operator[](unsigned long) const,ReferenceParticleCell.h,0x50e748
"std::__invoke<autopas::utils::TupleUtils::for_each<std::tuple<std::vector<mdLib::MoleculeLJ*, autopas::AlignedAllocator<mdLib::MoleculeLJ*, (unsigned long)64>>, std::vector<unsigned long, autopas::AlignedAllocator<unsigned long, (unsigned long)64>>, std::vector<double, autopas::AlignedAllocator<double, (unsigned long)64>>, std::vector<double, autopas::AlignedAllocator<double, (unsigned long)64>>, std::vector<double, autopas::AlignedAllocator<double, (unsigned long)64>>, std::vector<double, autopas::AlignedAllocator<double, (unsigned long)64>>, std::vector<double, autopas::AlignedAllocator<double, (unsigned long)64>>, std::vector<double, autopas::AlignedAllocator<double, (unsigned long)64>>, std::vector<double, autopas::AlignedAllocator<double, (unsigned long)64>>, std::vector<double, autopas::AlignedAllocator<double, (unsigned long)64>>, std::vector<double, autopas::AlignedAllocator<double, (unsigned long)64>>, std::vector<double, autopas::AlignedAllocator<double, (unsigned long)64>>, std::vector<double, autopas::AlignedAllocator<double, (unsigned long)64>>, std::vector<double, autopas::AlignedAllocator<double, (unsigned long)64>>, std::vector<unsigned long, autopas::AlignedAllocator<unsigned long, (unsigned long)64>>, std::vector<autopas::OwnershipState, autopas::AlignedAllocator<autopas::OwnershipState, (unsigned long)64>>> const&, autopas::SoA<std::tuple<std::vector<mdLib::MoleculeLJ*, autopas::AlignedAllocator<mdLib::MoleculeLJ*, (unsigned long)64>>, std::vector<unsigned long, autopas::AlignedAllocator<unsigned long, (unsigned long)64>>, std::vector<double, autopas::AlignedAllocator<double, (unsigned long)64>>, std::vector<double, autopas::AlignedAllocator<double, (unsigned long)64>>, std::vector<double, autopas::AlignedAllocator<double, (unsigned long)64>>, std::vector<double, autopas::AlignedAllocator<double, (unsigned long)64>>, std::vector<double, autopas::AlignedAllocator<double, (unsigned long)64>>, std::vector<double, autopas::AlignedAllocator<double, (unsigned long)64>>, std::vector<double, autopas::AlignedAllocator<double, (unsigned long)64>>, std::vector<double, autopas::AlignedAllocator<double, (unsigned long)64>>, std::vector<double, autopas::AlignedAllocator<double, (unsigned long)64>>, std::vector<double, autopas::AlignedAllocator<double, (unsigned long)64>>, std::vector<double, autopas::AlignedAllocator<double, (unsigned long)64>>, std::vector<double, autopas::AlignedAllocator<double, (unsigned long)64>>, std::vector<unsigned long, autopas::AlignedAllocator<unsigned long, (unsigned long)64>>, std::vector<autopas::OwnershipState, autopas::AlignedAllocator<autopas::OwnershipState, (unsigned long)64>>>>::size(void) const::{lambda(std::tuple<std::vector<mdLib::MoleculeLJ*, autopas::AlignedAllocator<mdLib::MoleculeLJ*, (unsigned long)64>>, std::vector<unsigned long, autopas::AlignedAllocator<unsigned long, (unsigned long)64>>, std::vector<double, autopas::AlignedAllocator<double, (unsigned long)64>>, std::vector<double, autopas::AlignedAllocator<double, (unsigned long)64>>, std::vector<double, autopas::AlignedAllocator<double, (unsigned long)64>>, std::vector<double, autopas::AlignedAllocator<double, (unsigned long)64>>, std::vector<double, autopas::AlignedAllocator<double, (unsigned long)64>>, std::vector<double, autopas::AlignedAllocator<double, (unsigned long)64>>, std::vector<double, autopas::AlignedAllocator<double, (unsigned long)64>>, std::vector<double, autopas::AlignedAllocator<double, (unsigned long)64>>, std::vector<double, autopas::AlignedAllocator<double, (unsigned long)64>>, std::vector<double, autopas::AlignedAllocator<double, (unsigned long)64>>, std::vector<double, autopas::AlignedAllocator<double, (unsigned long)64>>, std::vector<double, autopas::AlignedAllocator<double, (unsigned long)64>>, std::vector<unsigned long, autopas::AlignedAllocator<unsigned long, (unsigned long)64>>, std::vector<autopas::OwnershipState, autopas::AlignedAllocator<autopas::OwnershipState, (unsigned long)64>>> const&&)#1}>(void, std::tuple<std::vector<mdLib::MoleculeLJ*, autopas::AlignedAllocator<mdLib::MoleculeLJ*, (unsigned long)64>>, std::vector<unsigned long, autopas::AlignedAllocator<unsigned long, (unsigned long)64>>, std::vector<double, autopas::AlignedAllocator<double, (unsigned long)64>>, std::vector<double, autopas::AlignedAllocator<double, (unsigned long)64>>, std::vector<double, autopas::AlignedAllocator<double, (unsigned long)64>>, std::vector<double, autopas::AlignedAllocator<double, (unsigned long)64>>, std::vector<double, autopas::AlignedAllocator<double, (unsigned long)64>>, std::vector<double, autopas::AlignedAllocator<double, (unsigned long)64>>, std::vector<double, autopas::AlignedAllocator<double, (unsigned long)64>>, std::vector<double, autopas::AlignedAllocator<double, (unsigned long)64>>, std::vector<double, autopas::AlignedAllocator<double, (unsigned long)64>>, std::vector<double, autopas::AlignedAllocator<double, (unsigned long)64>>, std::vector<double, autopas::AlignedAllocator<double, (unsigned long)64>>, std::vector<double, autopas::AlignedAllocator<double, (unsigned long)64>>, std::vector<unsigned long, autopas::AlignedAllocator<unsigned long, (unsigned long)64>>, std::vector<autopas::OwnershipState, autopas::AlignedAllocator<autopas::OwnershipState, (unsigned long)64>>> const&&&, autopas::SoA<std::tuple<std::vector<mdLib::MoleculeLJ*, autopas::AlignedAllocator<mdLib::MoleculeLJ*, (unsigned long)64>>, std::vector<unsigned long, autopas::AlignedAllocator<unsigned long, (unsigned long)64>>, std::vector<double, autopas::AlignedAllocator<double, (unsigned long)64>>, std::vector<double, autopas::AlignedAllocator<double, (unsigned long)64>>, std::vector<double, autopas::AlignedAllocator<double, (unsigned long)64>>, std::vector<double, autopas::AlignedAllocator<double, (unsigned long)64>>, std::vector<double, autopas::AlignedAllocator<double, (unsigned long)64>>, std::vector<double, autopas::AlignedAllocator<double, (unsigned long)64>>, std::vector<double, autopas::AlignedAllocator<double, (unsigned long)64>>, std::vector<double, autopas::AlignedAllocator<double, (unsigned long)64>>, std::vector<double, autopas::AlignedAllocator<double, (unsigned long)64>>, std::vector<double, autopas::AlignedAllocator<double, (unsigned long)64>>, std::vector<double, autopas::AlignedAllocator<double, (unsigned long)64>>, std::vector<double, autopas::AlignedAllocator<double, (unsigned long)64>>, std::vector<unsigned long, autopas::AlignedAllocator<unsigned long, (unsigned long)64>>, std::vector<autopas::OwnershipState, autopas::AlignedAllocator<autopas::OwnershipState, (unsigned long)64>>>>::size(void) const::{lambda(std::tuple<std::vector<mdLib::MoleculeLJ*, autopas::AlignedAllocator<mdLib::MoleculeLJ*, (unsigned long)64>>, std::vector<unsigned long, autopas::AlignedAllocator<unsigned long, (unsigned long)64>>, std::vector<double, autopas::AlignedAllocator<double, (unsigned long)64>>, std::vector<double, autopas::AlignedAllocator<double, (unsigned long)64>>, std::vector<double, autopas::AlignedAllocator<double, (unsigned long)64>>, std::vector<double, autopas::AlignedAllocator<double, (unsigned long)64>>, std::vector<double, autopas::AlignedAllocator<double, (unsigned long)64>>, std::vector<double, autopas::AlignedAllocator<double, (unsigned long)64>>, std::vector<double, autopas::AlignedAllocator<double, (unsigned long)64>>, std::vector<double, autopas::AlignedAllocator<double, (unsigned long)64>>, std::vector<double, autopas::AlignedAllocator<double, (unsigned long)64>>, std::vector<double, autopas::AlignedAllocator<double, (unsigned long)64>>, std::vector<double, autopas::AlignedAllocator<double, (unsigned long)64>>, std::vector<double, autopas::AlignedAllocator<double, (unsigned long)64>>, std::vector<unsigned long, autopas::AlignedAllocator<unsigned long, (unsigned long)64>>, std::vector<autopas::OwnershipState, autopas::AlignedAllocator<autopas::OwnershipState, (unsigned long)64>>> const&&)#1}&&)::{lambda(std::tuple<std::vector<mdLib::MoleculeLJ*, autopas::AlignedAllocator<mdLib::MoleculeLJ*, (unsigned long)64>>, std::vector<unsigned long, autopas::AlignedAllocator<unsigned long, (unsigned long)64>>, std::vector<double, autopas::AlignedAllocator<double, (unsigned long)64>>, std::vector<double, autopas::AlignedAllocator<double, (unsigned long)64>>, std::vector<double, autopas::AlignedAllocator<double, (unsigned long)64>>, std::vector<double, autopas::AlignedAllocator<double, (unsigned long)64>>, std::vector<double, autopas::AlignedAllocator<double, (unsigned long)64>>, std::vector<double, autopas::AlignedAllocator<double, (unsigned long)64>>, std::vector<double, autopas::AlignedAllocator<double, (unsigned long)64>>, std::vector<double, autopas::AlignedAllocator<double, (unsigned long)64>>, std::vector<double, autopas::AlignedAllocator<double, (unsigned long)64>>, std::vector<double, autopas::AlignedAllocator<double, (unsigned long)64>>, std::vector<double, autopas::AlignedAllocator<double, (unsigned long)64>>, std::vector<double, autopas::AlignedAllocator<double, (unsigned long)64>>, std::vector<unsigned long, autopas::AlignedAllocator<unsigned long, (unsigned long)64>>, std::vector<autopas::OwnershipState, autopas::AlignedAllocator<autopas::OwnershipState, (unsigned long)64>>> const&&)#1}, std::vector<mdLib::MoleculeLJ*, autopas::AlignedAllocator<mdLib::MoleculeLJ*, (unsigned long)64>> const&, std::vector<unsigned long, autopas::AlignedAllocator<unsigned long, (unsigned long)64>> const&, std::vector<double, autopas::AlignedAllocator<double, (unsigned long)64>> const&, std::vector<double, autopas::AlignedAllocator<double, (unsigned long)64>> const&, std::vector<double, autopas::AlignedAllocator<double, (unsigned long)64>> const&, std::vector<double, autopas::AlignedAllocator<double, (unsigned long)64>> const&, std::vector<double, autopas::AlignedAllocator<double, (unsigned long)64>> const&, std::vector<double, autopas::AlignedAllocator<double, (unsigned long)64>> const&, std::vector<double, autopas::AlignedAllocator<double, (unsigned long)64>> const&, std::vector<double, autopas::AlignedAllocator<double, (unsigned long)64>> const&, std::vector<double, autopas::AlignedAllocator<double, (unsigned long)64>> const&, std::vector<double, autopas::AlignedAllocator<double, (unsigned long)64>> const&, std::vector<double, autopas::AlignedAllocator<double, (unsigned long)64>> const&, std::vector<double, autopas::AlignedAllocator<double, (unsigned long)64>> const&, std::vector<unsigned long, autopas::AlignedAllocator<unsigned long, (unsigned long)64>> const&, std::vector<autopas::OwnershipState, autopas::AlignedAllocator<autopas::OwnershipState, (unsigned long)64>> const&>",0.011997,0.011997,0.0,0.0,0.0,0.0,0.0,0.0,0.0,0.0,0.0,0.0,md-flexible,"std::__invoke<autopas::utils::TupleUtils::for_each<std::tuple<std::vector<mdLib::MoleculeLJ*, autopas::AlignedAllocator<mdLib::MoleculeLJ*, (unsigned long)64>>, std::vector<unsigned long, autopas::AlignedAllocator<unsigned long, (unsigned long)64>>, std::vector<double, autopas::AlignedAllocator<double, (unsigned long)64>>, std::vector<double, autopas::AlignedAllocator<double, (unsigned long)64>>, std::vector<double, autopas::AlignedAllocator<double, (unsigned long)64>>, std::vector<double, autopas::AlignedAllocator<double, (unsigned long)64>>, std::vector<double, autopas::AlignedAllocator<double, (unsigned long)64>>, std::vector<double, autopas::AlignedAllocator<double, (unsigned long)64>>, std::vector<double, autopas::AlignedAllocator<double, (unsigned long)64>>, std::vector<double, autopas::AlignedAllocator<double, (unsigned long)64>>, std::vector<double, autopas::AlignedAllocator<double, (unsigned long)64>>, std::vector<double, autopas::AlignedAllocator<double, (unsigned long)64>>, std::vector<double, autopas::AlignedAllocator<double, (unsigned long)64>>, std::vector<double, autopas::AlignedAllocator<double, (unsigned long)64>>, std::vector<unsigned long, autopas::AlignedAllocator<unsigned long, (unsigned long)64>>, std::vector<autopas::OwnershipState, autopas::AlignedAllocator<autopas::OwnershipState, (unsigned long)64>>> const&, autopas::SoA<std::tuple<std::vector<mdLib::MoleculeLJ*, autopas::AlignedAllocator<mdLib::MoleculeLJ*, (unsigned long)64>>, std::vector<unsigned long, autopas::AlignedAllocator<unsigned long, (unsigned long)64>>, std::vector<double, autopas::AlignedAllocator<double, (unsigned long)64>>, std::vector<double, autopas::AlignedAllocator<double, (unsigned long)64>>, std::vector<double, autopas::AlignedAllocator<double, (unsigned long)64>>, std::vector<double, autopas::AlignedAllocator<double, (unsigned long)64>>, std::vector<double, autopas::AlignedAllocator<double, (unsigned long)64>>, std::vector<double, autopas::AlignedAllocator<double, (unsigned long)64>>, std::vector<double, autopas::AlignedAllocator<double, (unsigned long)64>>, std::vector<double, autopas::AlignedAllocator<double, (unsigned long)64>>, std::vector<double, autopas::AlignedAllocator<double, (unsigned long)64>>, std::vector<double, autopas::AlignedAllocator<double, (unsigned long)64>>, std::vector<double, autopas::AlignedAllocator<double, (unsigned long)64>>, std::vector<double, autopas::AlignedAllocator<double, (unsigned long)64>>, std::vector<unsigned long, autopas::AlignedAllocator<unsigned long, (unsigned long)64>>, std::vector<autopas::OwnershipState, autopas::AlignedAllocator<autopas::OwnershipState, (unsigned long)64>>>>::size(void) const::{lambda(std::tuple<std::vector<mdLib::MoleculeLJ*, autopas::AlignedAllocator<mdLib::MoleculeLJ*, (unsigned long)64>>, std::vector<unsigned long, autopas::AlignedAllocator<unsigned long, (unsigned long)64>>, std::vector<double, autopas::AlignedAllocator<double, (unsigned long)64>>, std::vector<double, autopas::AlignedAllocator<double, (unsigned long)64>>, std::vector<double, autopas::AlignedAllocator<double, (unsigned long)64>>, std::vector<double, autopas::AlignedAllocator<double, (unsigned long)64>>, std::vector<double, autopas::AlignedAllocator<double, (unsigned long)64>>, std::vector<double, autopas::AlignedAllocator<double, (unsigned long)64>>, std::vector<double, autopas::AlignedAllocator<double, (unsigned long)64>>, std::vector<double, autopas::AlignedAllocator<double, (unsigned long)64>>, std::vector<double, autopas::AlignedAllocator<double, (unsigned long)64>>, std::vector<double, autopas::AlignedAllocator<double, (unsigned long)64>>, std::vector<double, autopas::AlignedAllocator<double, (unsigned long)64>>, std::vector<double, autopas::AlignedAllocator<double, (unsigned long)64>>, std::vector<unsigned long, autopas::AlignedAllocator<unsigned long, (unsigned long)64>>, std::vector<autopas::OwnershipState, autopas::AlignedAllocator<autopas::OwnershipState, (unsigned long)64>>> const&&)#1}>(void, std::tuple<std::vector<mdLib::MoleculeLJ*, autopas::AlignedAllocator<mdLib::MoleculeLJ*, (unsigned long)64>>, std::vector<unsigned long, autopas::AlignedAllocator<unsigned long, (unsigned long)64>>, std::vector<double, autopas::AlignedAllocator<double, (unsigned long)64>>, std::vector<double, autopas::AlignedAllocator<double, (unsigned long)64>>, std::vector<double, autopas::AlignedAllocator<double, (unsigned long)64>>, std::vector<double, autopas::AlignedAllocator<double, (unsigned long)64>>, std::vector<double, autopas::AlignedAllocator<double, (unsigned long)64>>, std::vector<double, autopas::AlignedAllocator<double, (unsigned long)64>>, std::vector<double, autopas::AlignedAllocator<double, (unsigned long)64>>, std::vector<double, autopas::AlignedAllocator<double, (unsigned long)64>>, std::vector<double, autopas::AlignedAllocator<double, (unsigned long)64>>, std::vector<double, autopas::AlignedAllocator<double, (unsigned long)64>>, std::vector<double, autopas::AlignedAllocator<double, (unsigned long)64>>, std::vector<double, autopas::AlignedAllocator<double, (unsigned long)64>>, std::vector<unsigned long, autopas::AlignedAllocator<unsigned long, (unsigned long)64>>, std::vector<autopas::OwnershipState, autopas::AlignedAllocator<autopas::OwnershipState, (unsigned long)64>>> const&&&, autopas::SoA<std::tuple<std::vector<mdLib::MoleculeLJ*, autopas::AlignedAllocator<mdLib::MoleculeLJ*, (unsigned long)64>>, std::vector<unsigned long, autopas::AlignedAllocator<unsigned long, (unsigned long)64>>, std::vector<double, autopas::AlignedAllocator<double, (unsigned long)64>>, std::vector<double, autopas::AlignedAllocator<double, (unsigned long)64>>, std::vector<double, autopas::AlignedAllocator<double, (unsigned long)64>>, std::vector<double, autopas::AlignedAllocator<double, (unsigned long)64>>, std::vector<double, autopas::AlignedAllocator<double, (unsigned long)64>>, std::vector<double, autopas::AlignedAllocator<double, (unsigned long)64>>, std::vector<double, autopas::AlignedAllocator<double, (unsigned long)64>>, std::vector<double, autopas::AlignedAllocator<double, (unsigned long)64>>, std::vector<double, autopas::AlignedAllocator<double, (unsigned long)64>>, std::vector<double, autopas::AlignedAllocator<double, (unsigned long)64>>, std::vector<double, autopas::AlignedAllocator<double, (unsigned long)64>>, std::vector<double, autopas::AlignedAllocator<double, (unsigned long)64>>, std::vector<unsigned long, autopas::AlignedAllocator<unsigned long, (unsigned long)64>>, std::vector<autopas::OwnershipState, autopas::AlignedAllocator<autopas::OwnershipState, (unsigned long)64>>>>::size(void) const::{lambda(std::tuple<std::vector<mdLib::MoleculeLJ*, autopas::AlignedAllocator<mdLib::MoleculeLJ*, (unsigned long)64>>, std::vector<unsigned long, autopas::AlignedAllocator<unsigned long, (unsigned long)64>>, std::vector<double, autopas::AlignedAllocator<double, (unsigned long)64>>, std::vector<double, autopas::AlignedAllocator<double, (unsigned long)64>>, std::vector<double, autopas::AlignedAllocator<double, (unsigned long)64>>, std::vector<double, autopas::AlignedAllocator<double, (unsigned long)64>>, std::vector<double, autopas::AlignedAllocator<double, (unsigned long)64>>, std::vector<double, autopas::AlignedAllocator<double, (unsigned long)64>>, std::vector<double, autopas::AlignedAllocator<double, (unsigned long)64>>, std::vector<double, autopas::AlignedAllocator<double, (unsigned long)64>>, std::vector<double, autopas::AlignedAllocator<double, (unsigned long)64>>, std::vector<double, autopas::AlignedAllocator<double, (unsigned long)64>>, std::vector<double, autopas::AlignedAllocator<double, (unsigned long)64>>, std::vector<double, autopas::AlignedAllocator<double, (unsigned long)64>>, std::vector<unsigned long, autopas::AlignedAllocator<unsigned long, (unsigned long)64>>, std::vector<autopas::OwnershipState, autopas::AlignedAllocator<autopas::OwnershipState, (unsigned long)64>>> const&&)#1}&&)::{lambda(std::tuple<std::vector<mdLib::MoleculeLJ*, autopas::AlignedAllocator<mdLib::MoleculeLJ*, (unsigned long)64>>, std::vector<unsigned long, autopas::AlignedAllocator<unsigned long, (unsigned long)64>>, std::vector<double, autopas::AlignedAllocator<double, (unsigned long)64>>, std::vector<double, autopas::AlignedAllocator<double, (unsigned long)64>>, std::vector<double, autopas::AlignedAllocator<double, (unsigned long)64>>, std::vector<double, autopas::AlignedAllocator<double, (unsigned long)64>>, std::vector<double, autopas::AlignedAllocator<double, (unsigned long)64>>, std::vector<double, autopas::AlignedAllocator<double, (unsigned long)64>>, std::vector<double, autopas::AlignedAllocator<double, (unsigned long)64>>, std::vector<double, autopas::AlignedAllocator<double, (unsigned long)64>>, std::vector<double, autopas::AlignedAllocator<double, (unsigned long)64>>, std::vector<double, autopas::AlignedAllocator<double, (unsigned long)64>>, std::vector<double, autopas::AlignedAllocator<double, (unsigned long)64>>, std::vector<double, autopas::AlignedAllocator<double, (unsigned long)64>>, std::vector<unsigned long, autopas::AlignedAllocator<unsigned long, (unsigned long)64>>, std::vector<autopas::OwnershipState, autopas::AlignedAllocator<autopas::OwnershipState, (unsigned long)64>>> const&&)#1}, std::vector<mdLib::MoleculeLJ*, autopas::AlignedAllocator<mdLib::MoleculeLJ*, (unsigned long)64>> const&, std::vector<unsigned long, autopas::AlignedAllocator<unsigned long, (unsigned long)64>> const&, std::vector<double, autopas::AlignedAllocator<double, (unsigned long)64>> const&, std::vector<double, autopas::AlignedAllocator<double, (unsigned long)64>> const&, std::vector<double, autopas::AlignedAllocator<double, (unsigned long)64>> const&, std::vector<double, autopas::AlignedAllocator<double, (unsigned long)64>> const&, std::vector<double, autopas::AlignedAllocator<double, (unsigned long)64>> const&, std::vector<double, autopas::AlignedAllocator<double, (unsigned long)64>> const&, std::vector<double, autopas::AlignedAllocator<double, (unsigned long)64>> const&, std::vector<double, autopas::AlignedAllocator<double, (unsigned long)64>> const&, std::vector<double, autopas::AlignedAllocator<double, (unsigned long)64>> const&, std::vector<double, autopas::AlignedAllocator<double, (unsigned long)64>> const&, std::vector<double, autopas::AlignedAllocator<double, (unsigned long)64>> const&, std::vector<double, autopas::AlignedAllocator<double, (unsigned long)64>> const&, std::vector<unsigned long, autopas::AlignedAllocator<unsigned long, (unsigned long)64>> const&, std::vector<autopas::OwnershipState, autopas::AlignedAllocator<autopas::OwnershipState, (unsigned long)64>> const&>(std::tuple<std::vector<mdLib::MoleculeLJ*, autopas::AlignedAllocator<mdLib::MoleculeLJ*, (unsigned long)64>>, std::vector<unsigned long, autopas::AlignedAllocator<unsigned long, (unsigned long)64>>, std::vector<double, autopas::AlignedAllocator<double, (unsigned long)64>>, std::vector<double, autopas::AlignedAllocator<double, (unsigned long)64>>, std::vector<double, autopas::AlignedAllocator<double, (unsigned long)64>>, std::vector<double, autopas::AlignedAllocator<double, (unsigned long)64>>, std::vector<double, autopas::AlignedAllocator<double, (unsigned long)64>>, std::vector<double, autopas::AlignedAllocator<double, (unsigned long)64>>, std::vector<double, autopas::AlignedAllocator<double, (unsigned long)64>>, std::vector<double, autopas::AlignedAllocator<double, (unsigned long)64>>, std::vector<double, autopas::AlignedAllocator<double, (unsigned long)64>>, std::vector<double, autopas::AlignedAllocator<double, (unsigned long)64>>, std::vector<double, autopas::AlignedAllocator<double, (unsigned long)64>>, std::vector<double, autopas::AlignedAllocator<double, (unsigned long)64>>, std::vector<unsigned long, autopas::AlignedAllocator<unsigned long, (unsigned long)64>>, std::vector<autopas::OwnershipState, autopas::AlignedAllocator<autopas::OwnershipState, (unsigned long)64>>> const&&&, std::vector<mdLib::MoleculeLJ*, autopas::AlignedAllocator<mdLib::MoleculeLJ*, (unsigned long)64>> const&&&)",invoke.h,0x54c110
mdLib::MoleculeLJ::MoleculeLJ,0.011997,0.011997,0.0,0.0,0.0,0.0,0.0,0.0,0.0,0.0,0.0,0.0,md-flexible,mdLib::MoleculeLJ::MoleculeLJ(mdLib::MoleculeLJ const&),MoleculeLJ.h,0x547560
std::max<long>,0.011996,0.011996,0.0,0.0,0.0,0.0,0.0,0.0,0.0,0.0,0.0,0.0,md-flexible,"std::max<long>(long const&, long const&)",stl_algobase.h,0x537b53
autopas::utils::ThreeDimensionalMapping::oneToThreeD<unsigned long>,0.011996,0.011996,0.0,0.0,0.0,0.0,0.0,0.0,0.0,0.0,0.0,0.0,md-flexible,"autopas::utils::ThreeDimensionalMapping::oneToThreeD<unsigned long>(unsigned long, std::array<unsigned long, (unsigned long)3> const&)",ThreeDimensionalMapping.h,0x4fe1ea
"autopas::ColorBasedTraversal<autopas::ReferenceParticleCell<mdLib::MoleculeLJ>, autopas::VerletListHelpers<mdLib::MoleculeLJ>::VerletListGeneratorFunctor, (int)3>::initTraversal._omp_fn.0",0.011995,0.011995,0.0,0.0,0.0,0.0,0.0,0.0,0.0,0.0,0.0,0.0,md-flexible,"autopas::ColorBasedTraversal<autopas::ReferenceParticleCell<mdLib::MoleculeLJ>, autopas::VerletListHelpers<mdLib::MoleculeLJ>::VerletListGeneratorFunctor, (int)3>::initTraversal._omp_fn.0",ColorBasedTraversal.h,0x502320
_mm256_hadd_pd,0.011993,0.011993,0.0,0.0,0.0,0.0,0.0,0.0,0.0,0.0,0.0,0.0,md-flexible,_mm256_hadd_pd,avxintrin.h,0x55683a
_ZN5mdLib12LJFunctorAVXINS_10MoleculeLJELb1ELb1ELN7autopas14FunctorN3ModesE2ELb0ELb0ELb1EE9SoAKernelILb0ELb1EEEvmDv4_xPKlRKDv4_dSB_SB_PKdSD_SD_PdSE_SE_PKmSG_RS9_SH_SH_PS9_SI_SI_SI_j,0.011989,0.011989,0.0,0.0,0.0,0.0,0.0,0.0,0.0,0.0,0.0,0.0,md-flexible,_ZN5mdLib12LJFunctorAVXINS_10MoleculeLJELb1ELb1ELN7autopas14FunctorN3ModesE2ELb0ELb0ELb1EE9SoAKernelILb0ELb1EEEvmDv4_xPKlRKDv4_dSB_SB_PKdSD_SD_PdSE_SE_PKmSG_RS9_SH_SH_PS9_SI_SI_SI_j,LJFunctorAVX.h,0x5566dd
"autopas::ParticleBase<double, unsigned long>::ParticleBase",0.010079,0.010079,0.0,0.0,0.0,0.0,0.0,0.0,0.0,0.0,0.0,0.0,md-flexible,"autopas::ParticleBase<double, unsigned long>::ParticleBase(autopas::ParticleBase<double, unsigned long> const&)",ParticleBase.h,0x4436f7
_mm256_extractf128_pd,0.008021,0.008021,0.0,0.0,0.0,0.0,0.0,0.0,0.0,0.0,0.0,0.0,md-flexible,_mm256_extractf128_pd,avxintrin.h,0x556867
_mm256_mul_pd,0.008012,0.008012,0.0,0.0,0.0,0.0,0.0,0.0,0.0,0.0,0.0,0.0,md-flexible,_mm256_mul_pd,avxintrin.h,0x5565c1
mdLib::MoleculeLJ::set<(mdLib::MoleculeLJ::AttributeNames)8>,0.008003,0.008003,0.0,0.0,0.0,0.0,0.0,0.0,0.0,0.0,0.0,0.0,md-flexible,"mdLib::MoleculeLJ::set<(mdLib::MoleculeLJ::AttributeNames)8>(std::tuple_element<(mdLib::MoleculeLJ::AttributeNames)8, std::tuple<std::vector<mdLib::MoleculeLJ*, autopas::AlignedAllocator<std::vector, (unsigned long)64>>, std::tuple<unsigned long, autopas<unsigned long, (unsigned long)64>>, std::tuple<double, autopas<double, (unsigned long)64>>, autopas<double, (unsigned long)64>, autopas<double, (unsigned long)64>, autopas<double, (unsigned long)64>, autopas<double, (unsigned long)64>, autopas<double, (unsigned long)64>, autopas<double, (unsigned long)64>, autopas<double, (unsigned long)64>, autopas<double, (unsigned long)64>, autopas<double, (unsigned long)64>, autopas<double, (unsigned long)64>, autopas<double, (unsigned long)64>, autopas<unsigned long, (unsigned long)64>, std::tuple<mdLib::MoleculeLJ*::OwnershipState, autopas<std::tuple<double, autopas<double, (unsigned long)64>>, (unsigned long)64>>>>::type::value_type)",MoleculeLJ.h,0x569249
_mm256_add_pd,0.007999,0.007999,0.0,0.0,0.0,0.0,0.0,0.0,0.0,0.0,0.0,0.0,md-flexible,_mm256_add_pd,avxintrin.h,0x5567c4
"autopas::ParticleBase<double, unsigned long>::ParticleBase",0.007995,0.007995,0.0,0.0,0.0,0.0,0.0,0.0,0.0,0.0,0.0,0.0,md-flexible,"autopas::ParticleBase<double, unsigned long>::ParticleBase(autopas::ParticleBase<double, unsigned long> const&)",ParticleBase.h,0x452297
autopas::LinkedCellsReferences<mdLib::MoleculeLJ>::getParticleImpl<(bool)0>,0.007990,0.007990,0.0,0.0,0.0,0.0,0.0,0.0,0.0,0.0,0.0,0.0,md-flexible,"autopas::LinkedCellsReferences<mdLib::MoleculeLJ>::getParticleImpl<(bool)0>(unsigned long, unsigned long, autopas::options::IteratorBehavior, std::array<double, (unsigned long)3> const&, std::array<double, (unsigned long)3> const&) const",LinkedCellsReferences.h,0x50e651
_ZN7autopas7FunctorIN5mdLib10MoleculeLJENS1_12LJFunctorAVXIS2_Lb1ELb1ELNS_14FunctorN3ModesE2ELb0ELb0ELb1EEEE13SoALoaderImplIJLm0ELm1ELm2ELm3ELm4ELm5ELm6ELm7ELm8EEEEvRSt6vectorIPS2_SaIS9_EERNS_3SoAISt5tupleIJS8_IS9_NS_16AlignedAllocatorIS9_Lm64EEEES8_ImNSF_ImLm64EEEES8_IdNSF_IdLm64EEEESL_SL_SL_SL_SL_SL_SL_SL_SL_SL_SL_SJ_S8_INS_14OwnershipStateENSF_ISM_Lm64EEEEEEEESt16integer_sequenceImJXspT_EEE,0.007988,0.007988,0.0,0.0,0.0,0.0,0.0,0.0,0.0,0.0,0.0,0.0,md-flexible,_ZN7autopas7FunctorIN5mdLib10MoleculeLJENS1_12LJFunctorAVXIS2_Lb1ELb1ELNS_14FunctorN3ModesE2ELb0ELb0ELb1EEEE13SoALoaderImplIJLm0ELm1ELm2ELm3ELm4ELm5ELm6ELm7ELm8EEEEvRSt6vectorIPS2_SaIS9_EERNS_3SoAISt5tupleIJS8_IS9_NS_16AlignedAllocatorIS9_Lm64EEEES8_ImNSF_ImLm64EEEES8_IdNSF_IdLm64EEEESL_SL_SL_SL_SL_SL_SL_SL_SL_SL_SL_SJ_S8_INS_14OwnershipStateENSF_ISM_Lm64EEEEEEEESt16integer_sequenceImJXspT_EEE,Functor.h,0x589af0
mdLib::MoleculeLJ::set<(mdLib::MoleculeLJ::AttributeNames)9>,0.007987,0.007987,0.0,0.0,0.0,0.0,0.0,0.0,0.0,0.0,0.0,0.0,md-flexible,"mdLib::MoleculeLJ::set<(mdLib::MoleculeLJ::AttributeNames)9>(std::tuple_element<(mdLib::MoleculeLJ::AttributeNames)9, std::tuple<std::vector<mdLib::MoleculeLJ*, autopas::AlignedAllocator<std::vector, (unsigned long)64>>, std::tuple<unsigned long, autopas<unsigned long, (unsigned long)64>>, std::tuple<double, autopas<double, (unsigned long)64>>, autopas<double, (unsigned long)64>, autopas<double, (unsigned long)64>, autopas<double, (unsigned long)64>, autopas<double, (unsigned long)64>, autopas<double, (unsigned long)64>, autopas<double, (unsigned long)64>, autopas<double, (unsigned long)64>, autopas<double, (unsigned long)64>, autopas<double, (unsigned long)64>, autopas<double, (unsigned long)64>, autopas<double, (unsigned long)64>, autopas<unsigned long, (unsigned long)64>, std::tuple<mdLib::MoleculeLJ*::OwnershipState, autopas<std::tuple<double, autopas<double, (unsigned long)64>>, (unsigned long)64>>>>::type::value_type)",MoleculeLJ.h,0x569254
autopas::LinkedCellsReferences<mdLib::MoleculeLJ>::advanceIteratorIndices<(bool)0>,0.007987,0.007987,0.0,0.0,0.0,0.0,0.0,0.0,0.0,0.0,0.0,0.0,md-flexible,"autopas::LinkedCellsReferences<mdLib::MoleculeLJ>::advanceIteratorIndices<(bool)0>(unsigned long, unsigned long, autopas::options::IteratorBehavior, std::array<double, (unsigned long)3> const&, std::array<double, (unsigned long)3> const&, std::array<double, (unsigned long)3> const&, std::array<double, (unsigned long)3> const&, unsigned long) const",LinkedCellsReferences.h,0x4fe180
"ParticleVector<mdLib::MoleculeLJ>::forEach<autopas::VerletLists<mdLib::MoleculeLJ, autopas::VerletListsLinkedReferencesBase>::generateSoAParticleOrderFromStorageOrder(void)::{lambda(mdLib::MoleculeLJ&)#1}>",0.007985,0.007985,0.0,0.0,0.0,0.0,0.0,0.0,0.0,0.0,0.0,0.0,md-flexible,"ParticleVector<mdLib::MoleculeLJ>::forEach<autopas::VerletLists<mdLib::MoleculeLJ, autopas::VerletListsLinkedReferencesBase>::generateSoAParticleOrderFromStorageOrder(void)::{lambda(mdLib::MoleculeLJ&)#1}>(autopas::VerletLists<mdLib::MoleculeLJ, autopas::VerletListsLinkedReferencesBase>::generateSoAParticleOrderFromStorageOrder(void)::{lambda(mdLib::MoleculeLJ&)#1})",ParticleVector.h,0x5416ec
"ParticlePropertiesLibrary<double, unsigned long>::getMixingSigmaSquared",0.007983,0.007983,0.0,0.0,0.0,0.0,0.0,0.0,0.0,0.0,0.0,0.0,md-flexible,"ParticlePropertiesLibrary<double, unsigned long>::getMixingSigmaSquared(unsigned long, unsigned long) const",ParticlePropertiesLibrary.h,0x55673f
"autopas::utils::boxesOverlap<double>(std::array<double, (unsigned long)3> const&, std::array<double, (unsigned long)3> const&, std::array<double, (unsigned long)3> const&, std::array<double, (unsigned long)3> const&)::{lambda(unsigned long)#1}::operator()",0.007976,0.007976,0.0,0.0,0.0,0.0,0.0,0.0,0.0,0.0,0.0,0.0,md-flexible,"autopas::utils::boxesOverlap<double>(std::array<double, (unsigned long)3> const&, std::array<double, (unsigned long)3> const&, std::array<double, (unsigned long)3> const&, std::array<double, (unsigned long)3> const&)::{lambda(unsigned long)#1}::operator()(unsigned long) const",inBox.h,0x53a2c3
_mm256_mul_pd,0.007970,0.007970,0.0,0.0,0.0,0.0,0.0,0.0,0.0,0.0,0.0,0.0,md-flexible,_mm256_mul_pd,avxintrin.h,0x5565fa
_mm256_mul_pd,0.007969,0.007969,0.0,0.0,0.0,0.0,0.0,0.0,0.0,0.0,0.0,0.0,md-flexible,_mm256_mul_pd,avxintrin.h,0x55650d
