Source File,Source Line,CPU Time,CPU Time:Effective Time,CPU Time:Spin Time,CPU Time:Spin Time:Imbalance or Serial Spinning,CPU Time:Spin Time:Lock Contention,CPU Time:Spin Time:Other,CPU Time:Overhead Time,CPU Time:Overhead Time:Creation,CPU Time:Overhead Time:Scheduling,CPU Time:Overhead Time:Reduction,CPU Time:Overhead Time:Atomics,CPU Time:Overhead Time:Other
avxintrin.h,362,1.764051,1.764051,0.0,0.0,0.0,0.0,0.0,0.0,0.0,0.0,0.0,0.0
avxintrin.h,143,0.600217,0.600217,0.0,0.0,0.0,0.0,0.0,0.0,0.0,0.0,0.0,0.0
avxintrin.h,314,0.532051,0.532051,0.0,0.0,0.0,0.0,0.0,0.0,0.0,0.0,0.0,0.0
avxintrin.h,168,0.441779,0.441779,0.0,0.0,0.0,0.0,0.0,0.0,0.0,0.0,0.0,0.0
stl_vector.h,1294,0.415864,0.415864,0.0,0.0,0.0,0.0,0.0,0.0,0.0,0.0,0.0,0.0
avxintrin.h,399,0.399932,0.399932,0.0,0.0,0.0,0.0,0.0,0.0,0.0,0.0,0.0,0.0
avxintrin.h,1260,0.379891,0.379891,0.0,0.0,0.0,0.0,0.0,0.0,0.0,0.0,0.0,0.0
LJFunctorAVX.h,688,0.331830,0.331830,0.0,0.0,0.0,0.0,0.0,0.0,0.0,0.0,0.0,0.0
unordered_map.h,877,0.272010,0.272010,0.0,0.0,0.0,0.0,0.0,0.0,0.0,0.0,0.0,0.0
VerletListHelpers.h,160,0.203988,0.203988,0.0,0.0,0.0,0.0,0.0,0.0,0.0,0.0,0.0,0.0
ParticlePropertiesLibrary.h,225,0.192043,0.192043,0.0,0.0,0.0,0.0,0.0,0.0,0.0,0.0,0.0,0.0
[Unknown source file],[Unknown],0.160040,0.160040,0.0,0.0,0.0,0.0,0.0,0.0,0.0,0.0,0.0,0.0
VerletListHelpers.h,158,0.160039,0.160039,0.0,0.0,0.0,0.0,0.0,0.0,0.0,0.0,0.0,0.0
LJFunctorAVX.h,526,0.148052,0.148052,0.0,0.0,0.0,0.0,0.0,0.0,0.0,0.0,0.0,0.0
LJFunctorAVX.h,532,0.144025,0.144025,0.0,0.0,0.0,0.0,0.0,0.0,0.0,0.0,0.0,0.0
LJFunctorAVX.h,675,0.123990,0.123990,0.0,0.0,0.0,0.0,0.0,0.0,0.0,0.0,0.0,0.0
stl_function.h,375,0.119938,0.119938,0.0,0.0,0.0,0.0,0.0,0.0,0.0,0.0,0.0,0.0
LJFunctorAVX.h,696,0.112048,0.112048,0.0,0.0,0.0,0.0,0.0,0.0,0.0,0.0,0.0,0.0
VerletListHelpers.h,149,0.108015,0.108015,0.0,0.0,0.0,0.0,0.0,0.0,0.0,0.0,0.0,0.0
VerletListHelpers.h,161,0.103993,0.103993,0.0,0.0,0.0,0.0,0.0,0.0,0.0,0.0,0.0,0.0
VerletListHelpers.h,152,0.091998,0.091998,0.0,0.0,0.0,0.0,0.0,0.0,0.0,0.0,0.0,0.0
LJFunctorAVX.h,675,0.091993,0.091993,0.0,0.0,0.0,0.0,0.0,0.0,0.0,0.0,0.0,0.0
LJFunctorAVX.h,687,0.088006,0.088006,0.0,0.0,0.0,0.0,0.0,0.0,0.0,0.0,0.0,0.0
hashtable.h,2067,0.080014,0.080014,0.0,0.0,0.0,0.0,0.0,0.0,0.0,0.0,0.0,0.0
avxintrin.h,1198,0.075985,0.075985,0.0,0.0,0.0,0.0,0.0,0.0,0.0,0.0,0.0,0.0
stl_algobase.h,233,0.071937,0.071937,0.0,0.0,0.0,0.0,0.0,0.0,0.0,0.0,0.0,0.0
CellBlock3D.h,327,0.068076,0.068076,0.0,0.0,0.0,0.0,0.0,0.0,0.0,0.0,0.0,0.0
stl_vector.h,1147,0.068030,0.068030,0.0,0.0,0.0,0.0,0.0,0.0,0.0,0.0,0.0,0.0
LJFunctorAVX.h,689,0.052035,0.052035,0.0,0.0,0.0,0.0,0.0,0.0,0.0,0.0,0.0,0.0
ContainerIterator.h,73,0.052019,0.052019,0.0,0.0,0.0,0.0,0.0,0.0,0.0,0.0,0.0,0.0
hashtable_policy.h,534,0.051983,0.051983,0.0,0.0,0.0,0.0,0.0,0.0,0.0,0.0,0.0,0.0
LJFunctorAVX.h,690,0.051954,0.051954,0.0,0.0,0.0,0.0,0.0,0.0,0.0,0.0,0.0,0.0
stl_vector.h,1150,0.048025,0.048025,0.0,0.0,0.0,0.0,0.0,0.0,0.0,0.0,0.0,0.0
stl_vector.h,1285,0.048011,0.048011,0.0,0.0,0.0,0.0,0.0,0.0,0.0,0.0,0.0,0.0
unordered_map.h,799,0.046030,0.046030,0.0,0.0,0.0,0.0,0.0,0.0,0.0,0.0,0.0,0.0
CellBlock3D.h,335,0.043996,0.043996,0.0,0.0,0.0,0.0,0.0,0.0,0.0,0.0,0.0,0.0
LJFunctorAVX.h,687,0.040022,0.040022,0.0,0.0,0.0,0.0,0.0,0.0,0.0,0.0,0.0,0.0
VerletLists.h,281,0.039972,0.039972,0.0,0.0,0.0,0.0,0.0,0.0,0.0,0.0,0.0,0.0
LJFunctorAVX.h,697,0.039964,0.039964,0.0,0.0,0.0,0.0,0.0,0.0,0.0,0.0,0.0,0.0
stl_vector.h,1290,0.039964,0.039964,0.0,0.0,0.0,0.0,0.0,0.0,0.0,0.0,0.0,0.0
LinkedCellsReferences.h,642,0.036028,0.036028,0.0,0.0,0.0,0.0,0.0,0.0,0.0,0.0,0.0,0.0
VerletListHelpers.h,158,0.036012,0.036012,0.0,0.0,0.0,0.0,0.0,0.0,0.0,0.0,0.0,0.0
unordered_map.h,992,0.035979,0.035979,0.0,0.0,0.0,0.0,0.0,0.0,0.0,0.0,0.0,0.0
LJFunctorAVX.h,688,0.035965,0.035965,0.0,0.0,0.0,0.0,0.0,0.0,0.0,0.0,0.0,0.0
ParticleBase.h,33,0.032265,0.032265,0.0,0.0,0.0,0.0,0.0,0.0,0.0,0.0,0.0,0.0
VerletListHelpers.h,151,0.032031,0.032031,0.0,0.0,0.0,0.0,0.0,0.0,0.0,0.0,0.0,0.0
LJFunctorAVX.h,687,0.032001,0.032001,0.0,0.0,0.0,0.0,0.0,0.0,0.0,0.0,0.0,0.0
LJFunctorAVX.h,675,0.031986,0.031986,0.0,0.0,0.0,0.0,0.0,0.0,0.0,0.0,0.0,0.0
avxintrin.h,237,0.028016,0.028016,0.0,0.0,0.0,0.0,0.0,0.0,0.0,0.0,0.0,0.0
unordered_map.h,988,0.027988,0.027988,0.0,0.0,0.0,0.0,0.0,0.0,0.0,0.0,0.0,0.0
Functor.h,346,0.027970,0.027970,0.0,0.0,0.0,0.0,0.0,0.0,0.0,0.0,0.0,0.0
stl_function.h,375,0.026067,0.026067,0.0,0.0,0.0,0.0,0.0,0.0,0.0,0.0,0.0,0.0
LJFunctorAVX.h,624,0.024041,0.024041,0.0,0.0,0.0,0.0,0.0,0.0,0.0,0.0,0.0,0.0
stl_vector.h,1150,0.024008,0.024008,0.0,0.0,0.0,0.0,0.0,0.0,0.0,0.0,0.0,0.0
ArrayMath.h,236,0.024005,0.024005,0.0,0.0,0.0,0.0,0.0,0.0,0.0,0.0,0.0,0.0
inBox.h,31,0.024003,0.024003,0.0,0.0,0.0,0.0,0.0,0.0,0.0,0.0,0.0,0.0
VerletListHelpers.h,150,0.020031,0.020031,0.0,0.0,0.0,0.0,0.0,0.0,0.0,0.0,0.0,0.0
ContainerIterator.h,332,0.020030,0.020030,0.0,0.0,0.0,0.0,0.0,0.0,0.0,0.0,0.0,0.0
stl_construct.h,97,0.020001,0.020001,0.0,0.0,0.0,0.0,0.0,0.0,0.0,0.0,0.0,0.0
stl_pair.h,444,0.020001,0.020001,0.0,0.0,0.0,0.0,0.0,0.0,0.0,0.0,0.0,0.0
unordered_map.h,109,0.020000,0.020000,0.0,0.0,0.0,0.0,0.0,0.0,0.0,0.0,0.0,0.0
VerletListsLinkedReferencesBase.h,609,0.019998,0.019998,0.0,0.0,0.0,0.0,0.0,0.0,0.0,0.0,0.0,0.0
hashtable_policy.h,1759,0.019991,0.019991,0.0,0.0,0.0,0.0,0.0,0.0,0.0,0.0,0.0,0.0
unordered_map.h,1005,0.019990,0.019990,0.0,0.0,0.0,0.0,0.0,0.0,0.0,0.0,0.0,0.0
LJFunctorAVX.h,627,0.019959,0.019959,0.0,0.0,0.0,0.0,0.0,0.0,0.0,0.0,0.0,0.0
LogicHandler.h,1014,0.016059,0.016059,0.0,0.0,0.0,0.0,0.0,0.0,0.0,0.0,0.0,0.0
stl_vector.h,1150,0.016027,0.016027,0.0,0.0,0.0,0.0,0.0,0.0,0.0,0.0,0.0,0.0
ParticlePropertiesLibrary.h,501,0.016011,0.016011,0.0,0.0,0.0,0.0,0.0,0.0,0.0,0.0,0.0,0.0
ArrayMath.h,31,0.016004,0.016004,0.0,0.0,0.0,0.0,0.0,0.0,0.0,0.0,0.0,0.0
stl_vector.h,1150,0.016001,0.016001,0.0,0.0,0.0,0.0,0.0,0.0,0.0,0.0,0.0,0.0
VerletListsLinkedReferencesBase.h,611,0.015997,0.015997,0.0,0.0,0.0,0.0,0.0,0.0,0.0,0.0,0.0,0.0
LJFunctorAVX.h,690,0.015989,0.015989,0.0,0.0,0.0,0.0,0.0,0.0,0.0,0.0,0.0,0.0
ParticlePropertiesLibrary.h,225,0.015975,0.015975,0.0,0.0,0.0,0.0,0.0,0.0,0.0,0.0,0.0,0.0
inBox.h,71,0.012026,0.012026,0.0,0.0,0.0,0.0,0.0,0.0,0.0,0.0,0.0,0.0
CellBlock3D.h,75,0.012013,0.012013,0.0,0.0,0.0,0.0,0.0,0.0,0.0,0.0,0.0,0.0
MoleculeLJ.h,92,0.012006,0.012006,0.0,0.0,0.0,0.0,0.0,0.0,0.0,0.0,0.0,0.0
stl_algobase.h,262,0.012005,0.012005,0.0,0.0,0.0,0.0,0.0,0.0,0.0,0.0,0.0,0.0
VerletListHelpers.h,102,0.012004,0.012004,0.0,0.0,0.0,0.0,0.0,0.0,0.0,0.0,0.0,0.0
avxintrin.h,266,0.012004,0.012004,0.0,0.0,0.0,0.0,0.0,0.0,0.0,0.0,0.0,0.0
VerletListHelpers.h,111,0.012004,0.012004,0.0,0.0,0.0,0.0,0.0,0.0,0.0,0.0,0.0,0.0
lock.c,51,0.012002,0.0,0.012002,0.0,0.012002,0.0,0.0,0.0,0.0,0.0,0.0,0.0
VerletListsLinkedReferencesBase.h,617,0.012002,0.012002,0.0,0.0,0.0,0.0,0.0,0.0,0.0,0.0,0.0,0.0
stl_pair.h,444,0.012002,0.012002,0.0,0.0,0.0,0.0,0.0,0.0,0.0,0.0,0.0,0.0
LinkedCellsReferences.h,244,0.012001,0.012001,0.0,0.0,0.0,0.0,0.0,0.0,0.0,0.0,0.0,0.0
CellBlock3D.h,325,0.012001,0.012001,0.0,0.0,0.0,0.0,0.0,0.0,0.0,0.0,0.0,0.0
ParticleContainerInterface.h,382,0.012000,0.012000,0.0,0.0,0.0,0.0,0.0,0.0,0.0,0.0,0.0,0.0
ThreeDimensionalMapping.h,58,0.011997,0.011997,0.0,0.0,0.0,0.0,0.0,0.0,0.0,0.0,0.0,0.0
VerletListsLinkedReferencesBase.h,609,0.011997,0.011997,0.0,0.0,0.0,0.0,0.0,0.0,0.0,0.0,0.0,0.0
stl_algobase.h,257,0.011997,0.011997,0.0,0.0,0.0,0.0,0.0,0.0,0.0,0.0,0.0,0.0
stl_vector.h,1131,0.011996,0.011996,0.0,0.0,0.0,0.0,0.0,0.0,0.0,0.0,0.0,0.0
stl_vector.h,993,0.011995,0.011995,0.0,0.0,0.0,0.0,0.0,0.0,0.0,0.0,0.0,0.0
stl_vector.h,993,0.011994,0.011994,0.0,0.0,0.0,0.0,0.0,0.0,0.0,0.0,0.0,0.0
ArrayMath.h,48,0.011993,0.011993,0.0,0.0,0.0,0.0,0.0,0.0,0.0,0.0,0.0,0.0
CellBlock3D.h,338,0.011992,0.011992,0.0,0.0,0.0,0.0,0.0,0.0,0.0,0.0,0.0,0.0
stl_algo.h,4804,0.011979,0.011979,0.0,0.0,0.0,0.0,0.0,0.0,0.0,0.0,0.0,0.0
LJFunctorAVX.h,689,0.011977,0.011977,0.0,0.0,0.0,0.0,0.0,0.0,0.0,0.0,0.0,0.0
VerletListsLinkedReferencesBase.h,766,0.008032,0.008032,0.0,0.0,0.0,0.0,0.0,0.0,0.0,0.0,0.0,0.0
parallel.c,176,0.008024,0.008024,0.0,0.0,0.0,0.0,0.0,0.0,0.0,0.0,0.0,0.0
tuple,719,0.008022,0.008022,0.0,0.0,0.0,0.0,0.0,0.0,0.0,0.0,0.0,0.0
stl_vector.h,1015,0.008016,0.008016,0.0,0.0,0.0,0.0,0.0,0.0,0.0,0.0,0.0,0.0
stl_vector.h,993,0.008012,0.008012,0.0,0.0,0.0,0.0,0.0,0.0,0.0,0.0,0.0,0.0
ContainerIterator.h,332,0.008010,0.008010,0.0,0.0,0.0,0.0,0.0,0.0,0.0,0.0,0.0,0.0
LinkedCellsReferences.h,622,0.008005,0.008005,0.0,0.0,0.0,0.0,0.0,0.0,0.0,0.0,0.0,0.0
LJFunctorAVX.h,697,0.007999,0.007999,0.0,0.0,0.0,0.0,0.0,0.0,0.0,0.0,0.0,0.0
VerletLists.h,289,0.007999,0.007999,0.0,0.0,0.0,0.0,0.0,0.0,0.0,0.0,0.0,0.0
hashtable.h,2067,0.007998,0.007998,0.0,0.0,0.0,0.0,0.0,0.0,0.0,0.0,0.0,0.0
VerletListsLinkedReferencesBase.h,756,0.007991,0.007991,0.0,0.0,0.0,0.0,0.0,0.0,0.0,0.0,0.0,0.0
lock.c,57,0.007991,0.007991,0.0,0.0,0.0,0.0,0.0,0.0,0.0,0.0,0.0,0.0
ArrayMath.h,31,0.007988,0.007988,0.0,0.0,0.0,0.0,0.0,0.0,0.0,0.0,0.0,0.0
ContainerIterator.h,335,0.007987,0.007987,0.0,0.0,0.0,0.0,0.0,0.0,0.0,0.0,0.0,0.0
VerletListsLinkedReferencesBase.h,609,0.007986,0.007986,0.0,0.0,0.0,0.0,0.0,0.0,0.0,0.0,0.0,0.0
MoleculeLJ.cpp,15,0.007985,0.007985,0.0,0.0,0.0,0.0,0.0,0.0,0.0,0.0,0.0,0.0
VerletListsLinkedReferencesBase.h,722,0.007985,0.007985,0.0,0.0,0.0,0.0,0.0,0.0,0.0,0.0,0.0,0.0
MoleculeLJ.cpp,17,0.007982,0.007982,0.0,0.0,0.0,0.0,0.0,0.0,0.0,0.0,0.0,0.0
Functor.h,353,0.007981,0.007981,0.0,0.0,0.0,0.0,0.0,0.0,0.0,0.0,0.0,0.0
LJFunctorAVX.h,730,0.007978,0.007978,0.0,0.0,0.0,0.0,0.0,0.0,0.0,0.0,0.0,0.0
CellBlock3D.h,341,0.007967,0.007967,0.0,0.0,0.0,0.0,0.0,0.0,0.0,0.0,0.0,0.0
avxintrin.h,954,0.007961,0.007961,0.0,0.0,0.0,0.0,0.0,0.0,0.0,0.0,0.0,0.0
ParticleVector.h,65,0.007774,0.007774,0.0,0.0,0.0,0.0,0.0,0.0,0.0,0.0,0.0,0.0
