Function Stack,CPU Time:Total,CPU Time:Self,Memory Bound:Total(%),Memory Bound:L1 Bound:Total(%),Memory Bound:L2 Bound:Total(%),Memory Bound:L3 Bound:Total(%),Memory Bound:DRAM Bound:Total(%),Memory Bound:Store Bound:Total(%),Memory Bound:Self(%),Memory Bound:L1 Bound:Self(%),Memory Bound:L2 Bound:Self(%),Memory Bound:L3 Bound:Self(%),Memory Bound:DRAM Bound:Self(%),Memory Bound:Store Bound:Self(%),Loads:Total,Loads:Self,Stores:Total,Stores:Self,LLC Miss Count:Total,LLC Miss Count:Local Memory Access Count:Total,LLC Miss Count:Remote Memory Access Count:Total,LLC Miss Count:Remote Cache Access Count:Total,LLC Miss Count:Self,LLC Miss Count:Local Memory Access Count:Self,LLC Miss Count:Remote Memory Access Count:Self,LLC Miss Count:Remote Cache Access Count:Self,Average Latency (cycles):Total,Average Latency (cycles):Self,Module,Function (Full),Source File,Start Address
Total,,0.0,,,,,,,0.0,0.0,0.0,0.0,0.0,0.0,100.000000,0,100.000000,0,100.000000,100.000000,,,0,0,0,0,,0.0,[Unknown],[Unknown],[Unknown],[Unknown]
 TimeDiscretization::calculatePositionsAndResetForces._omp_fn.0,,0.0,,,,,,,96.6,0.0,0.0,0.0,0.0,52.5,0.291829,28986894,0.597015,28986894,0.0,0.0,,,0,0,0,0,,22.500000,md-flexible,TimeDiscretization::calculatePositionsAndResetForces._omp_fn.0,TimeDiscretization.cpp,0x4591c0
 TimeDiscretization::calculateVelocities._omp_fn.0,,0.0,,,,,,,0.0,0.0,0.0,0.0,0.0,0.0,0.145914,14493447,0.298507,14493447,0.0,0.0,,,0,0,0,0,,0.0,md-flexible,TimeDiscretization::calculateVelocities._omp_fn.0,TimeDiscretization.cpp,0x459520
 [Outside any known module],,0.0,,,,,,,35.8,35.0,0.0,0.0,26.3,8.8,0.145914,14493447,0.597015,28986894,0.0,0.0,,,0,0,0,0,,7.666667,[Unknown],[Outside any known module],[Unknown],0x0
 __memcpy_evex_unaligned_erms,,0.0,,,,,,,,23.3,,23.3,,0.0,0.389105,38649192,0.199005,9662298,0.0,0.0,,,0,0,0,0,,48.000000,libc.so.6,__memcpy_evex_unaligned_erms,[Unknown],0x18eb4e
 _int_free,,0.0,,,,,,,0.0,0.0,,0.0,,0.0,0.243191,24155745,0.298507,14493447,0.0,0.0,,,0,0,0,0,,0.0,libc.so.6,_int_free,[Unknown],0xb5d1e
 _int_free_create_chunk,,0.0,,,,,,,0.0,0.0,0.0,70.0,0.0,0.0,0.048638,4831149,0.099502,4831149,50.000000,0.0,,,2416516,0,0,0,,7.000000,libc.so.6,_int_free_create_chunk,[Unknown],0xb47de
 _int_free_merge_chunk,,0.0,,,,,,,0.0,0.0,0.0,0.0,100.0,0.0,0.0,0,0.0,0,0.0,0.0,,,0,0,0,0,,0.0,libc.so.6,_int_free_merge_chunk,[Unknown],0xb5bce
 _int_malloc,,0.0,,,,,,,0.0,0.0,0.0,0.0,16.8,0.0,0.145914,14493447,0.099502,4831149,0.0,0.0,,,0,0,0,0,,7.500000,libc.so.6,_int_malloc,[Unknown],0xb697e
 _mid_memalign.isra.0,,0.0,,,,,,,0.0,0.0,0.0,0.0,0.0,0.0,0.048638,4831149,0.0,0,0.0,0.0,,,0,0,0,0,,0.0,libc.so.6,_mid_memalign.isra.0,[Unknown],0xb844e
 autopas::LinkedCellsReferences<mdLib::MoleculeLJ>::advanceIteratorIndices<(bool)0>,,0.0,,,,,,,0.0,0.0,0.0,100.0,0.0,0.0,0.0,0,0.099502,4831149,0.0,0.0,,,0,0,0,0,,0.0,md-flexible,"autopas::LinkedCellsReferences<mdLib::MoleculeLJ>::advanceIteratorIndices<(bool)0>(unsigned long, unsigned long, autopas::options::IteratorBehavior, std::array<double, (unsigned long)3> const&, std::array<double, (unsigned long)3> const&, std::array<double, (unsigned long)3> const&, std::array<double, (unsigned long)3> const&, unsigned long) const",LinkedCellsReferences.h,0x4fdc40
 autopas::LinkedCellsReferences<mdLib::MoleculeLJ>::advanceIteratorIndices<(bool)1>,,0.0,,,,,,,0.0,0.0,0.0,0.0,0.0,0.0,0.924125,0,0.995025,9662298,0.0,0.0,,,0,0,0,0,,0.0,md-flexible,"autopas::LinkedCellsReferences<mdLib::MoleculeLJ>::advanceIteratorIndices<(bool)1>(unsigned long, unsigned long, autopas::options::IteratorBehavior, std::array<double, (unsigned long)3> const&, std::array<double, (unsigned long)3> const&, std::array<double, (unsigned long)3> const&, std::array<double, (unsigned long)3> const&, unsigned long) const",LinkedCellsReferences.h,0x538fb0
  "autopas::LinkedCellsReferences<mdLib::MoleculeLJ>::advanceIteratorIndices<(bool)1>(unsigned long, unsigned long, autopas::options::IteratorBehavior, std::array<double, (unsigned long)3> const&, std::array<double, (unsigned long)3> const&, std::array<double, (unsigned long)3> const&, std::array<double, (unsigned long)3> const&, unsigned long) const::{lambda()#1}::operator()",,0.0,,,,,,,0.0,0.0,0.0,0.0,0.0,0.0,0.875486,0,0.796020,0,0.0,0.0,,,0,0,0,0,,0.0,md-flexible,"autopas::LinkedCellsReferences<mdLib::MoleculeLJ>::advanceIteratorIndices<(bool)1>(unsigned long, unsigned long, autopas::options::IteratorBehavior, std::array<double, (unsigned long)3> const&, std::array<double, (unsigned long)3> const&, std::array<double, (unsigned long)3> const&, std::array<double, (unsigned long)3> const&, unsigned long) const::{lambda()#1}::operator()(void) const",LinkedCellsReferences.h,0x538fea
   "autopas::LinkedCellsReferences<mdLib::MoleculeLJ>::advanceIteratorIndices<(bool)1>(unsigned long, unsigned long, autopas::options::IteratorBehavior, std::array<double, (unsigned long)3> const&, std::array<double, (unsigned long)3> const&, std::array<double, (unsigned long)3> const&, std::array<double, (unsigned long)3> const&, unsigned long) const::{lambda()#1}::operator()",,0.0,,,,,,,0.0,0.0,0.0,0.0,0.0,0.0,0.437743,0,0.497512,0,0.0,0.0,,,0,0,0,0,,0.0,md-flexible,"autopas::LinkedCellsReferences<mdLib::MoleculeLJ>::advanceIteratorIndices<(bool)1>(unsigned long, unsigned long, autopas::options::IteratorBehavior, std::array<double, (unsigned long)3> const&, std::array<double, (unsigned long)3> const&, std::array<double, (unsigned long)3> const&, std::array<double, (unsigned long)3> const&, unsigned long) const::{lambda()#1}::operator()(void) const",LinkedCellsReferences.h,0x5390b7
    autopas::internal::CellBlock3D<autopas::ReferenceParticleCell<mdLib::MoleculeLJ>>::getCellBoundingBox,,0.0,,,,,,,0.0,0.0,0.0,0.0,0.0,0.0,0.340467,0,0.497512,0,0.0,0.0,,,0,0,0,0,,0.0,md-flexible,autopas::internal::CellBlock3D<autopas::ReferenceParticleCell<mdLib::MoleculeLJ>>::getCellBoundingBox(unsigned long) const,CellBlock3D.h,0x5390b7
     autopas::internal::CellBlock3D<autopas::ReferenceParticleCell<mdLib::MoleculeLJ>>::getCellBoundingBox,,0.0,,,,,,,0.0,0.0,0.0,0.0,0.0,0.0,0.340467,33818043,0.497512,24155745,0.0,0.0,,,0,0,0,0,,14.000000,md-flexible,"autopas::internal::CellBlock3D<autopas::ReferenceParticleCell<mdLib::MoleculeLJ>>::getCellBoundingBox(std::array<unsigned long, (unsigned long)3> const&) const",CellBlock3D.h,0x5390bd
    autopas::utils::boxesOverlap<double>,,0.0,,,,,,,0.0,0.0,0.0,0.0,0.0,0.0,0.097276,0,0.0,0,0.0,0.0,,,0,0,0,0,,0.0,md-flexible,"autopas::utils::boxesOverlap<double>(std::array<double, (unsigned long)3> const&, std::array<double, (unsigned long)3> const&, std::array<double, (unsigned long)3> const&, std::array<double, (unsigned long)3> const&)",inBox.h,0x5391c5
     "autopas::utils::boxesOverlap<double>(std::array<double, (unsigned long)3> const&, std::array<double, (unsigned long)3> const&, std::array<double, (unsigned long)3> const&, std::array<double, (unsigned long)3> const&)::{lambda(unsigned long)#1}::operator()",,0.0,,,,,,,0.0,0.0,0.0,0.0,0.0,0.0,0.048638,4831149,0.0,0,0.0,0.0,,,0,0,0,0,,0.0,md-flexible,"autopas::utils::boxesOverlap<double>(std::array<double, (unsigned long)3> const&, std::array<double, (unsigned long)3> const&, std::array<double, (unsigned long)3> const&, std::array<double, (unsigned long)3> const&)::{lambda(unsigned long)#1}::operator()(unsigned long) const",inBox.h,0x5391c5
     "autopas::utils::boxesOverlap<double>(std::array<double, (unsigned long)3> const&, std::array<double, (unsigned long)3> const&, std::array<double, (unsigned long)3> const&, std::array<double, (unsigned long)3> const&)::{lambda(unsigned long)#1}::operator()",,0.0,,,,,,,,0.0,0.0,0.0,0.0,0.0,0.048638,4831149,0.0,0,0.0,0.0,,,0,0,0,0,,0.0,md-flexible,"autopas::utils::boxesOverlap<double>(std::array<double, (unsigned long)3> const&, std::array<double, (unsigned long)3> const&, std::array<double, (unsigned long)3> const&, std::array<double, (unsigned long)3> const&)::{lambda(unsigned long)#1}::operator()(unsigned long) const",inBox.h,0x5391f3
   autopas::internal::CellBlock3D<autopas::ReferenceParticleCell<mdLib::MoleculeLJ>>::cellCanContainOwnedParticles,,0.0,,,,,,,0.0,0.0,0.0,0.0,0.0,0.0,0.389105,0,0.0,0,0.0,0.0,,,0,0,0,0,,0.0,md-flexible,autopas::internal::CellBlock3D<autopas::ReferenceParticleCell<mdLib::MoleculeLJ>>::cellCanContainOwnedParticles(unsigned long) const,CellBlock3D.h,0x539008
    autopas::internal::CellBlock3D<autopas::ReferenceParticleCell<mdLib::MoleculeLJ>>::cellCanContainHaloParticles,,0.0,,,,,,,0.0,0.0,0.0,0.0,0.0,0.0,0.389105,38649192,0.0,0,0.0,0.0,,,0,0,0,0,,33.333333,md-flexible,autopas::internal::CellBlock3D<autopas::ReferenceParticleCell<mdLib::MoleculeLJ>>::cellCanContainHaloParticles(unsigned long) const,CellBlock3D.h,0x539008
     autopas::internal::CellBlock3D<autopas::ReferenceParticleCell<mdLib::MoleculeLJ>>::oneToThreeD,,0.0,,,,,,,0.0,0.0,0.0,0.0,0.0,0.0,0.0,0,0.0,0,0.0,0.0,,,0,0,0,0,,0.0,md-flexible,autopas::internal::CellBlock3D<autopas::ReferenceParticleCell<mdLib::MoleculeLJ>>::oneToThreeD(unsigned long) const,CellBlock3D.h,0x539024
      autopas::utils::ThreeDimensionalMapping::oneToThreeD<unsigned long>,,0.0,,,,,,,0.0,0.0,0.0,0.0,0.0,0.0,0.0,0,0.0,0,0.0,0.0,,,0,0,0,0,,12.000000,md-flexible,"autopas::utils::ThreeDimensionalMapping::oneToThreeD<unsigned long>(unsigned long, std::array<unsigned long, (unsigned long)3> const&)",ThreeDimensionalMapping.h,0x539024
   autopas::internal::CellBlock3D<autopas::ReferenceParticleCell<mdLib::MoleculeLJ>>::getCellBoundingBox,,0.0,,,,,,,0.0,0.0,0.0,0.0,0.0,0.0,0.048638,0,0.298507,0,0.0,0.0,,,0,0,0,0,,0.0,md-flexible,autopas::internal::CellBlock3D<autopas::ReferenceParticleCell<mdLib::MoleculeLJ>>::getCellBoundingBox(unsigned long) const,CellBlock3D.h,0x5390b7
    autopas::internal::CellBlock3D<autopas::ReferenceParticleCell<mdLib::MoleculeLJ>>::getCellBoundingBox,,0.0,,,,,,,0.0,0.0,0.0,0.0,0.0,0.0,0.048638,0,0.298507,14493447,0.0,0.0,,,0,0,0,0,,0.0,md-flexible,"autopas::internal::CellBlock3D<autopas::ReferenceParticleCell<mdLib::MoleculeLJ>>::getCellBoundingBox(std::array<unsigned long, (unsigned long)3> const&) const",CellBlock3D.h,0x5390bd
     "std::pair<std::array<double, (unsigned long)3>, std::array<double, (unsigned long)3>>::pair<std::array<double, (unsigned long)3>&, std::array<double, (unsigned long)3>&>",,0.0,,,,,,,,100.0,0.0,0.0,0.0,0.0,0.048638,4831149,0.0,0,0.0,0.0,,,0,0,0,0,,0.0,md-flexible,"std::pair<std::array<double, (unsigned long)3>, std::array<double, (unsigned long)3>>::pair<std::array<double, (unsigned long)3>&, std::array<double, (unsigned long)3>&>(std::array<double, (unsigned long)3>&&&, std::array<double, (unsigned long)3>&&&)",stl_pair.h,0x539188
  "std::vector<autopas::ReferenceParticleCell<mdLib::MoleculeLJ>, std::allocator<autopas::ReferenceParticleCell<mdLib::MoleculeLJ>>>::operator[]",,0.0,,,,,,,0.0,0.0,0.0,0.0,0.0,0.0,0.048638,4831149,0.0,0,0.0,0.0,,,0,0,0,0,,0.0,md-flexible,"std::vector<autopas::ReferenceParticleCell<mdLib::MoleculeLJ>, std::allocator<autopas::ReferenceParticleCell<mdLib::MoleculeLJ>>>::operator[](unsigned long) const",stl_vector.h,0x539243
 autopas::LinkedCellsReferences<mdLib::MoleculeLJ>::getParticle,,0.0,,,,,,,0.0,0.0,0.0,0.0,0.0,0.0,1.410506,4831149,2.388060,4831149,0.0,0.0,,,0,0,0,0,,9.666667,md-flexible,"autopas::LinkedCellsReferences<mdLib::MoleculeLJ>::getParticle(unsigned long, unsigned long, autopas::options::IteratorBehavior) const",LinkedCellsReferences.h,0x50e300
  autopas::LinkedCellsReferences<mdLib::MoleculeLJ>::getParticleImpl<(bool)0>,,0.0,,,,,,,0.0,0.0,0.0,0.0,0.0,0.0,1.361868,77298384,2.288557,14493447,0.0,0.0,,,0,0,0,0,,15.000000,md-flexible,"autopas::LinkedCellsReferences<mdLib::MoleculeLJ>::getParticleImpl<(bool)0>(unsigned long, unsigned long, autopas::options::IteratorBehavior, std::array<double, (unsigned long)3> const&, std::array<double, (unsigned long)3> const&) const",LinkedCellsReferences.h,0x50e311
   "autopas::LinkedCellsReferences<mdLib::MoleculeLJ>::getParticleImpl<(bool)0>(unsigned long, unsigned long, autopas::options::IteratorBehavior, std::array<double, (unsigned long)3> const&, std::array<double, (unsigned long)3> const&) const::{lambda()#1}::operator()",,0.0,,,,,,,0.0,0.0,0.0,0.0,0.0,0.0,0.048638,0,0.398010,0,0.0,0.0,,,0,0,0,0,,0.0,md-flexible,"autopas::LinkedCellsReferences<mdLib::MoleculeLJ>::getParticleImpl<(bool)0>(unsigned long, unsigned long, autopas::options::IteratorBehavior, std::array<double, (unsigned long)3> const&, std::array<double, (unsigned long)3> const&) const::{lambda()#1}::operator()(void) const",LinkedCellsReferences.h,0x50e349
    autopas::internal::CellBlock3D<autopas::ReferenceParticleCell<mdLib::MoleculeLJ>>::getLastOwnedCellIndex,,0.0,,,,,,,0.0,0.0,0.0,0.0,0.0,0.0,0.048638,4831149,0.0,0,0.0,0.0,,,0,0,0,0,,0.0,md-flexible,autopas::internal::CellBlock3D<autopas::ReferenceParticleCell<mdLib::MoleculeLJ>>::getLastOwnedCellIndex(void) const,CellBlock3D.h,0x50e353
    "std::tuple<unsigned long, unsigned long>::tuple<unsigned long, unsigned long>",,0.0,,,,,,,0.0,0.0,0.0,0.0,0.0,0.0,0.0,0,0.398010,19324596,0.0,0.0,,,0,0,0,0,,0.0,md-flexible,"std::tuple<unsigned long, unsigned long>::tuple<unsigned long, unsigned long>(unsigned long&&)",tuple,0x50e35b
   autopas::ReferenceParticleCell<mdLib::MoleculeLJ>::operator[],,0.0,,,,,,,0.0,0.0,0.0,0.0,0.0,0.0,0.194553,0,0.0,0,0.0,0.0,,,0,0,0,0,,0.0,md-flexible,autopas::ReferenceParticleCell<mdLib::MoleculeLJ>::operator[](unsigned long) const,ReferenceParticleCell.h,0x50e408
    "std::vector<mdLib::MoleculeLJ*, std::allocator<mdLib::MoleculeLJ*>>::operator[]",,0.0,,,,,,,0.0,0.0,0.0,0.0,0.0,0.0,0.194553,19324596,0.0,0,0.0,0.0,,,0,0,0,0,,0.0,md-flexible,"std::vector<mdLib::MoleculeLJ*, std::allocator<mdLib::MoleculeLJ*>>::operator[](unsigned long) const",stl_vector.h,0x50e408
   "autopas::containerIteratorUtils::particleFulfillsIteratorRequirements<(bool)0, mdLib::MoleculeLJ, std::array<double, (unsigned long)3>>",,0.0,,,,,,,0.0,0.0,0.0,0.0,0.0,0.0,0.291829,0,0.0,0,0.0,0.0,,,0,0,0,0,,0.0,md-flexible,"autopas::containerIteratorUtils::particleFulfillsIteratorRequirements<(bool)0, mdLib::MoleculeLJ, std::array<double, (unsigned long)3>>(mdLib::MoleculeLJ const&, autopas::options::IteratorBehavior, std::array<double, (unsigned long)3> const&, std::array<double, (unsigned long)3> const&)",ContainerIterator.h,0x50e3df
    "autopas::ParticleBase<double, unsigned long>::isDummy",,0.0,,,,,,,0.0,0.0,0.0,0.0,0.0,0.0,0.291829,28986894,0.0,0,0.0,0.0,,,0,0,0,0,,0.0,md-flexible,"autopas::ParticleBase<double, unsigned long>::isDummy(void) const",ParticleBase.h,0x50e3e8
   "std::tuple<mdLib::MoleculeLJ const*, unsigned long, unsigned long>::tuple<mdLib::MoleculeLJ const*&, unsigned long&, unsigned long&>",,0.0,,,,,,,0.0,0.0,0.0,0.0,0.0,0.0,0.0,0,1.592040,77298384,0.0,0.0,,,0,0,0,0,,0.0,md-flexible,"std::tuple<mdLib::MoleculeLJ const*, unsigned long, unsigned long>::tuple<mdLib::MoleculeLJ const*&, unsigned long&, unsigned long&>(mdLib::MoleculeLJ const*&&&)",tuple,0x50e40f
   "std::vector<autopas::ReferenceParticleCell<mdLib::MoleculeLJ>, std::allocator<autopas::ReferenceParticleCell<mdLib::MoleculeLJ>>>::size",,0.0,,,,,,,,0.0,0.0,0.0,0.0,0.0,0.048638,4831149,0.0,0,0.0,0.0,,,0,0,0,0,,0.0,md-flexible,"std::vector<autopas::ReferenceParticleCell<mdLib::MoleculeLJ>, std::allocator<autopas::ReferenceParticleCell<mdLib::MoleculeLJ>>>::size(void) const",stl_vector.h,0x50e375
 autopas::LinkedCellsReferences<mdLib::MoleculeLJ>::updateContainer._omp_fn.0,,0.0,,,,,,,,100.0,0.0,0.0,0.0,0.0,0.0,0,0.0,0,0.0,0.0,,,0,0,0,0,,0.0,md-flexible,autopas::LinkedCellsReferences<mdLib::MoleculeLJ>::updateContainer._omp_fn.0,LinkedCellsReferences.h,0x5010f0
 autopas::LogicHandler<mdLib::MoleculeLJ>::checkNeighborListsInvalidDoDynamicRebuild._omp_fn.0,,0.0,,,,,,,0.0,0.0,0.0,0.0,0.0,0.0,0.243191,24155745,0.099502,4831149,0.0,0.0,,,0,0,0,0,,15.000000,md-flexible,autopas::LogicHandler<mdLib::MoleculeLJ>::checkNeighborListsInvalidDoDynamicRebuild._omp_fn.0,LogicHandler.h,0x514820
 "autopas::VLListIterationTraversal<autopas::ReferenceParticleCell<mdLib::MoleculeLJ>, mdLib::LJFunctorAVX<mdLib::MoleculeLJ, (bool)1, (bool)1, (autopas::FunctorN3Modes)2, (bool)0, (bool)0, (bool)1>>::traverseParticles._omp_fn.0",,0.0,,,,,,,17.4,0.0,,9.2,,0.0,1.994163,198077109,12.736318,618387072,50.000000,0.0,,,2416516,0,0,0,,7.388889,md-flexible,"autopas::VLListIterationTraversal<autopas::ReferenceParticleCell<mdLib::MoleculeLJ>, mdLib::LJFunctorAVX<mdLib::MoleculeLJ, (bool)1, (bool)1, (autopas::FunctorN3Modes)2, (bool)0, (bool)0, (bool)1>>::traverseParticles._omp_fn.0",VLListIterationTraversal.h,0x57bca0
 autopas::VerletListHelpers<mdLib::MoleculeLJ>::VerletListGeneratorFunctor::SoAFunctorPair,,0.0,,,,,,,2.2,4.3,0.0,0.0,0.0,0.0,9.143969,855113373,1.592040,4831149,0.0,0.0,,,0,0,0,0,,7.500000,md-flexible,"autopas::VerletListHelpers<mdLib::MoleculeLJ>::VerletListGeneratorFunctor::SoAFunctorPair(autopas::SoAView<std::tuple<std::vector<mdLib::MoleculeLJ*, autopas::AlignedAllocator<mdLib::MoleculeLJ*, (unsigned long)64>>, std::vector<unsigned long, autopas::AlignedAllocator<unsigned long, (unsigned long)64>>, std::vector<double, autopas::AlignedAllocator<double, (unsigned long)64>>, std::vector<double, autopas::AlignedAllocator<double, (unsigned long)64>>, std::vector<double, autopas::AlignedAllocator<double, (unsigned long)64>>, std::vector<double, autopas::AlignedAllocator<double, (unsigned long)64>>, std::vector<double, autopas::AlignedAllocator<double, (unsigned long)64>>, std::vector<double, autopas::AlignedAllocator<double, (unsigned long)64>>, std::vector<double, autopas::AlignedAllocator<double, (unsigned long)64>>, std::vector<double, autopas::AlignedAllocator<double, (unsigned long)64>>, std::vector<double, autopas::AlignedAllocator<double, (unsigned long)64>>, std::vector<double, autopas::AlignedAllocator<double, (unsigned long)64>>, std::vector<double, autopas::AlignedAllocator<double, (unsigned long)64>>, std::vector<double, autopas::AlignedAllocator<double, (unsigned long)64>>, std::vector<unsigned long, autopas::AlignedAllocator<unsigned long, (unsigned long)64>>, std::vector<autopas::OwnershipState, autopas::AlignedAllocator<autopas::OwnershipState, (unsigned long)64>>>>, autopas::SoAView<std::tuple<std::vector<mdLib::MoleculeLJ*, autopas::AlignedAllocator<mdLib::MoleculeLJ*, (unsigned long)64>>, std::vector<unsigned long, autopas::AlignedAllocator<unsigned long, (unsigned long)64>>, std::vector<double, autopas::AlignedAllocator<double, (unsigned long)64>>, std::vector<double, autopas::AlignedAllocator<double, (unsigned long)64>>, std::vector<double, autopas::AlignedAllocator<double, (unsigned long)64>>, std::vector<double, autopas::AlignedAllocator<double, (unsigned long)64>>, std::vector<double, autopas::AlignedAllocator<double, (unsigned long)64>>, std::vector<double, autopas::AlignedAllocator<double, (unsigned long)64>>, std::vector<double, autopas::AlignedAllocator<double, (unsigned long)64>>, std::vector<double, autopas::AlignedAllocator<double, (unsigned long)64>>, std::vector<double, autopas::AlignedAllocator<double, (unsigned long)64>>, std::vector<double, autopas::AlignedAllocator<double, (unsigned long)64>>, std::vector<double, autopas::AlignedAllocator<double, (unsigned long)64>>, std::vector<double, autopas::AlignedAllocator<double, (unsigned long)64>>, std::vector<unsigned long, autopas::AlignedAllocator<unsigned long, (unsigned long)64>>, std::vector<autopas::OwnershipState, autopas::AlignedAllocator<autopas::OwnershipState, (unsigned long)64>>>>, bool)",VerletListHelpers.h,0x509900
  "autopas::SoAView<std::tuple<std::vector<mdLib::MoleculeLJ*, autopas::AlignedAllocator<mdLib::MoleculeLJ*, (unsigned long)64>>, std::vector<unsigned long, autopas::AlignedAllocator<unsigned long, (unsigned long)64>>, std::vector<double, autopas::AlignedAllocator<double, (unsigned long)64>>, std::vector<double, autopas::AlignedAllocator<double, (unsigned long)64>>, std::vector<double, autopas::AlignedAllocator<double, (unsigned long)64>>, std::vector<double, autopas::AlignedAllocator<double, (unsigned long)64>>, std::vector<double, autopas::AlignedAllocator<double, (unsigned long)64>>, std::vector<double, autopas::AlignedAllocator<double, (unsigned long)64>>, std::vector<double, autopas::AlignedAllocator<double, (unsigned long)64>>, std::vector<double, autopas::AlignedAllocator<double, (unsigned long)64>>, std::vector<double, autopas::AlignedAllocator<double, (unsigned long)64>>, std::vector<double, autopas::AlignedAllocator<double, (unsigned long)64>>, std::vector<double, autopas::AlignedAllocator<double, (unsigned long)64>>, std::vector<double, autopas::AlignedAllocator<double, (unsigned long)64>>, std::vector<unsigned long, autopas::AlignedAllocator<unsigned long, (unsigned long)64>>, std::vector<autopas::OwnershipState, autopas::AlignedAllocator<autopas::OwnershipState, (unsigned long)64>>>>::begin<(unsigned long)0>",,0.0,,,,,,,0.0,0.0,0.0,0.0,0.0,0.0,0.0,0,0.099502,0,0.0,0.0,,,0,0,0,0,,0.0,md-flexible,"autopas::SoAView<std::tuple<std::vector<mdLib::MoleculeLJ*, autopas::AlignedAllocator<mdLib::MoleculeLJ*, (unsigned long)64>>, std::vector<unsigned long, autopas::AlignedAllocator<unsigned long, (unsigned long)64>>, std::vector<double, autopas::AlignedAllocator<double, (unsigned long)64>>, std::vector<double, autopas::AlignedAllocator<double, (unsigned long)64>>, std::vector<double, autopas::AlignedAllocator<double, (unsigned long)64>>, std::vector<double, autopas::AlignedAllocator<double, (unsigned long)64>>, std::vector<double, autopas::AlignedAllocator<double, (unsigned long)64>>, std::vector<double, autopas::AlignedAllocator<double, (unsigned long)64>>, std::vector<double, autopas::AlignedAllocator<double, (unsigned long)64>>, std::vector<double, autopas::AlignedAllocator<double, (unsigned long)64>>, std::vector<double, autopas::AlignedAllocator<double, (unsigned long)64>>, std::vector<double, autopas::AlignedAllocator<double, (unsigned long)64>>, std::vector<double, autopas::AlignedAllocator<double, (unsigned long)64>>, std::vector<double, autopas::AlignedAllocator<double, (unsigned long)64>>, std::vector<unsigned long, autopas::AlignedAllocator<unsigned long, (unsigned long)64>>, std::vector<autopas::OwnershipState, autopas::AlignedAllocator<autopas::OwnershipState, (unsigned long)64>>>>::begin<(unsigned long)0>(signed char, void)",SoAView.h,0x50995b
   "autopas::SoA<std::tuple<std::vector<mdLib::MoleculeLJ*, autopas::AlignedAllocator<mdLib::MoleculeLJ*, (unsigned long)64>>, std::vector<unsigned long, autopas::AlignedAllocator<unsigned long, (unsigned long)64>>, std::vector<double, autopas::AlignedAllocator<double, (unsigned long)64>>, std::vector<double, autopas::AlignedAllocator<double, (unsigned long)64>>, std::vector<double, autopas::AlignedAllocator<double, (unsigned long)64>>, std::vector<double, autopas::AlignedAllocator<double, (unsigned long)64>>, std::vector<double, autopas::AlignedAllocator<double, (unsigned long)64>>, std::vector<double, autopas::AlignedAllocator<double, (unsigned long)64>>, std::vector<double, autopas::AlignedAllocator<double, (unsigned long)64>>, std::vector<double, autopas::AlignedAllocator<double, (unsigned long)64>>, std::vector<double, autopas::AlignedAllocator<double, (unsigned long)64>>, std::vector<double, autopas::AlignedAllocator<double, (unsigned long)64>>, std::vector<double, autopas::AlignedAllocator<double, (unsigned long)64>>, std::vector<double, autopas::AlignedAllocator<double, (unsigned long)64>>, std::vector<unsigned long, autopas::AlignedAllocator<unsigned long, (unsigned long)64>>, std::vector<autopas::OwnershipState, autopas::AlignedAllocator<autopas::OwnershipState, (unsigned long)64>>>>::begin<(unsigned long)0>",,0.0,,,,,,,0.0,0.0,0.0,0.0,0.0,0.0,0.0,0,0.099502,0,0.0,0.0,,,0,0,0,0,,0.0,md-flexible,"autopas::SoA<std::tuple<std::vector<mdLib::MoleculeLJ*, autopas::AlignedAllocator<mdLib::MoleculeLJ*, (unsigned long)64>>, std::vector<unsigned long, autopas::AlignedAllocator<unsigned long, (unsigned long)64>>, std::vector<double, autopas::AlignedAllocator<double, (unsigned long)64>>, std::vector<double, autopas::AlignedAllocator<double, (unsigned long)64>>, std::vector<double, autopas::AlignedAllocator<double, (unsigned long)64>>, std::vector<double, autopas::AlignedAllocator<double, (unsigned long)64>>, std::vector<double, autopas::AlignedAllocator<double, (unsigned long)64>>, std::vector<double, autopas::AlignedAllocator<double, (unsigned long)64>>, std::vector<double, autopas::AlignedAllocator<double, (unsigned long)64>>, std::vector<double, autopas::AlignedAllocator<double, (unsigned long)64>>, std::vector<double, autopas::AlignedAllocator<double, (unsigned long)64>>, std::vector<double, autopas::AlignedAllocator<double, (unsigned long)64>>, std::vector<double, autopas::AlignedAllocator<double, (unsigned long)64>>, std::vector<double, autopas::AlignedAllocator<double, (unsigned long)64>>, std::vector<unsigned long, autopas::AlignedAllocator<unsigned long, (unsigned long)64>>, std::vector<autopas::OwnershipState, autopas::AlignedAllocator<autopas::OwnershipState, (unsigned long)64>>>>::begin<(unsigned long)0>(signed char, void)",SoA.h,0x50995b
    "std::vector<mdLib::MoleculeLJ*, autopas::AlignedAllocator<mdLib::MoleculeLJ*, (unsigned long)64>>::data",,0.0,,,,,,,,0.0,0.0,0.0,0.0,0.0,0.0,0,0.099502,4831149,0.0,0.0,,,0,0,0,0,,0.0,md-flexible,"std::vector<mdLib::MoleculeLJ*, autopas::AlignedAllocator<mdLib::MoleculeLJ*, (unsigned long)64>>::data(void)",stl_vector.h,0x50995b
  "std::unordered_map<mdLib::MoleculeLJ*, std::vector<mdLib::MoleculeLJ*, std::allocator<mdLib::MoleculeLJ*>>, std::hash<mdLib::MoleculeLJ*>, std::equal_to<mdLib::MoleculeLJ*>, std::allocator<std::pair<mdLib::MoleculeLJ* const, std::vector<mdLib::MoleculeLJ*, std::allocator<mdLib::MoleculeLJ*>>>>>::at",,0.0,,,,,,,0.0,0.0,0.0,0.0,0.0,0.0,0.097276,9662298,0.0,0,0.0,0.0,,,0,0,0,0,,0.0,md-flexible,"std::unordered_map<mdLib::MoleculeLJ*, std::vector<mdLib::MoleculeLJ*, std::allocator<mdLib::MoleculeLJ*>>, std::hash<mdLib::MoleculeLJ*>, std::equal_to<mdLib::MoleculeLJ*>, std::allocator<std::pair<mdLib::MoleculeLJ* const, std::vector<mdLib::MoleculeLJ*, std::allocator<mdLib::MoleculeLJ*>>>>>::at(mdLib::MoleculeLJ* const&)",unordered_map.h,0x5099da
  "std::vector<mdLib::MoleculeLJ*, std::allocator<mdLib::MoleculeLJ*>>::push_back",,0.0,,,,,,,0.0,0.0,0.0,0.0,0.0,0.0,0.437743,38649192,1.393035,9662298,0.0,0.0,,,0,0,0,0,,7.000000,md-flexible,"std::vector<mdLib::MoleculeLJ*, std::allocator<mdLib::MoleculeLJ*>>::push_back(mdLib::MoleculeLJ* const&)",stl_vector.h,0x509979
   _ZSt12construct_atIPN5mdLib10MoleculeLJEJRKS2_EEDTgsnwcvPvLi0E_T_pispcl7declvalIT0_EEEEPS6_DpOS7_,,0.0,,,,,,,0.0,0.0,0.0,0.0,46.7,0.0,0.048638,4831149,1.194030,57973788,0.0,0.0,,,0,0,0,0,,7.000000,md-flexible,_ZSt12construct_atIPN5mdLib10MoleculeLJEJRKS2_EEDTgsnwcvPvLi0E_T_pispcl7declvalIT0_EEEEPS6_DpOS7_,stl_construct.h,0x509ab7
   _ZSt12construct_atIPN5mdLib10MoleculeLJEJRKS2_EEDTgsnwcvPvLi0E_T_pispcl7declvalIT0_EEEEPS6_DpOS7_,,0.0,,,,,,,0.0,0.0,0.0,0.0,0.0,0.0,0.0,0,0.0,0,0.0,0.0,,,0,0,0,0,,7.000000,md-flexible,_ZSt12construct_atIPN5mdLib10MoleculeLJEJRKS2_EEDTgsnwcvPvLi0E_T_pispcl7declvalIT0_EEEEPS6_DpOS7_,stl_construct.h,0x509bfe
 autopas::VerletListHelpers<mdLib::MoleculeLJ>::VerletListGeneratorFunctor::SoAFunctorSingle,,0.0,,,,,,,0.0,0.0,0.0,0.0,0.0,0.0,0.680934,53142639,0.398010,4831149,0.0,0.0,,,0,0,0,0,,7.600000,md-flexible,"autopas::VerletListHelpers<mdLib::MoleculeLJ>::VerletListGeneratorFunctor::SoAFunctorSingle(autopas::SoAView<std::tuple<std::vector<mdLib::MoleculeLJ*, autopas::AlignedAllocator<mdLib::MoleculeLJ*, (unsigned long)64>>, std::vector<unsigned long, autopas::AlignedAllocator<unsigned long, (unsigned long)64>>, std::vector<double, autopas::AlignedAllocator<double, (unsigned long)64>>, std::vector<double, autopas::AlignedAllocator<double, (unsigned long)64>>, std::vector<double, autopas::AlignedAllocator<double, (unsigned long)64>>, std::vector<double, autopas::AlignedAllocator<double, (unsigned long)64>>, std::vector<double, autopas::AlignedAllocator<double, (unsigned long)64>>, std::vector<double, autopas::AlignedAllocator<double, (unsigned long)64>>, std::vector<double, autopas::AlignedAllocator<double, (unsigned long)64>>, std::vector<double, autopas::AlignedAllocator<double, (unsigned long)64>>, std::vector<double, autopas::AlignedAllocator<double, (unsigned long)64>>, std::vector<double, autopas::AlignedAllocator<double, (unsigned long)64>>, std::vector<double, autopas::AlignedAllocator<double, (unsigned long)64>>, std::vector<double, autopas::AlignedAllocator<double, (unsigned long)64>>, std::vector<unsigned long, autopas::AlignedAllocator<unsigned long, (unsigned long)64>>, std::vector<autopas::OwnershipState, autopas::AlignedAllocator<autopas::OwnershipState, (unsigned long)64>>>>, bool)",VerletListHelpers.h,0x509e00
  "std::vector<mdLib::MoleculeLJ*, std::allocator<mdLib::MoleculeLJ*>>::push_back",,0.0,,,,,,,0.0,0.0,0.0,0.0,0.0,0.0,0.145914,14493447,0.0,0,0.0,0.0,,,0,0,0,0,,0.0,md-flexible,"std::vector<mdLib::MoleculeLJ*, std::allocator<mdLib::MoleculeLJ*>>::push_back(mdLib::MoleculeLJ* const&)",stl_vector.h,0x509fe3
   _ZSt12construct_atIPN5mdLib10MoleculeLJEJRKS2_EEDTgsnwcvPvLi0E_T_pispcl7declvalIT0_EEEEPS6_DpOS7_,,0.0,,,,,,,0.0,100.0,0.0,0.0,0.0,0.0,0.0,0,0.0,0,0.0,0.0,,,0,0,0,0,,0.0,md-flexible,_ZSt12construct_atIPN5mdLib10MoleculeLJEJRKS2_EEDTgsnwcvPvLi0E_T_pispcl7declvalIT0_EEEEPS6_DpOS7_,stl_construct.h,0x509ff1
  "std::vector<mdLib::MoleculeLJ*, std::allocator<mdLib::MoleculeLJ*>>::push_back",,0.0,,,,,,,0.0,0.0,0.0,0.0,0.0,0.0,0.0,0,0.298507,0,0.0,0.0,,,0,0,0,0,,7.500000,md-flexible,"std::vector<mdLib::MoleculeLJ*, std::allocator<mdLib::MoleculeLJ*>>::push_back(mdLib::MoleculeLJ* const&)",stl_vector.h,0x509f7e
   _ZSt12construct_atIPN5mdLib10MoleculeLJEJRKS2_EEDTgsnwcvPvLi0E_T_pispcl7declvalIT0_EEEEPS6_DpOS7_,,0.0,,,,,,,0.0,0.0,0.0,0.0,0.0,0.0,0.0,0,0.298507,14493447,0.0,0.0,,,0,0,0,0,,0.0,md-flexible,_ZSt12construct_atIPN5mdLib10MoleculeLJEJRKS2_EEDTgsnwcvPvLi0E_T_pispcl7declvalIT0_EEEEPS6_DpOS7_,stl_construct.h,0x509f8c
 autopas::VerletListsLinkedReferencesBase<mdLib::MoleculeLJ>::sortingKeyForParticle,,0.0,,,,,,,0.0,0.0,0.0,0.0,0.0,0.0,1.556420,144934470,0.0,0,0.0,0.0,,,0,0,0,0,,7.222222,md-flexible,autopas::VerletListsLinkedReferencesBase<mdLib::MoleculeLJ>::sortingKeyForParticle(mdLib::MoleculeLJ const&) const,VerletListsLinkedReferencesBase.h,0x537b00
  autopas::VerletListsLinkedReferencesBase<mdLib::MoleculeLJ>::getCellCoordinateForPosition,,0.0,,,,,,,0.0,0.0,0.0,0.0,0.0,0.0,0.097276,9662298,0.0,0,0.0,0.0,,,0,0,0,0,,20.000000,md-flexible,"autopas::VerletListsLinkedReferencesBase<mdLib::MoleculeLJ>::getCellCoordinateForPosition(std::array<double, (unsigned long)3> const&) const",VerletListsLinkedReferencesBase.h,0x537c48
  autopas::VerletListsLinkedReferencesBase<mdLib::MoleculeLJ>::getCellGridSize,,0.0,,,,,,,0.0,0.0,0.0,0.0,0.0,0.0,0.0,0,0.0,0,0.0,0.0,,,0,0,0,0,,7.000000,md-flexible,autopas::VerletListsLinkedReferencesBase<mdLib::MoleculeLJ>::getCellGridSize(void) const,VerletListsLinkedReferencesBase.h,0x537c77
  autopas::VerletListsLinkedReferencesBase<mdLib::MoleculeLJ>::mortonKey,,0.0,,,,,,,22.3,15.6,0.0,0.0,0.0,0.0,0.0,0,0.0,0,0.0,0.0,,,0,0,0,0,,0.0,md-flexible,"autopas::VerletListsLinkedReferencesBase<mdLib::MoleculeLJ>::mortonKey(std::array<unsigned long, (unsigned long)3> const&, unsigned int) const",VerletListsLinkedReferencesBase.h,0x537edd
 "autopas::containerIteratorUtils::particleFulfillsIteratorRequirements<(bool)1, mdLib::MoleculeLJ, std::array<double, (unsigned long)3>>",,0.0,,,,,,,0.0,0.0,0.0,0.0,0.0,0.0,0.437743,4831149,0.0,0,0.0,0.0,,,0,0,0,0,,0.0,md-flexible,"autopas::containerIteratorUtils::particleFulfillsIteratorRequirements<(bool)1, mdLib::MoleculeLJ, std::array<double, (unsigned long)3>>(mdLib::MoleculeLJ const&, autopas::options::IteratorBehavior, std::array<double, (unsigned long)3> const&, std::array<double, (unsigned long)3> const&)",ContainerIterator.h,0x51cfe0
  autopas::utils::inBox<double>,,0.0,,,,,,,0.0,0.0,0.0,0.0,0.0,0.0,0.389105,38649192,0.0,0,0.0,0.0,,,0,0,0,0,,0.0,md-flexible,"autopas::utils::inBox<double>(std::array<double, (unsigned long)3> const&, std::array<double, (unsigned long)3> const&, std::array<double, (unsigned long)3> const&)",inBox.h,0x51cfe0
 autopas::internal::CellBlock3D<autopas::ReferenceParticleCell<mdLib::MoleculeLJ>>::get3DIndexOfPosition,,0.0,,,,,,,0.0,0.0,15.6,0.0,0.0,0.0,2.431907,241557450,3.681592,178752513,0.0,0.0,,,0,0,0,0,,8.111111,md-flexible,"autopas::internal::CellBlock3D<autopas::ReferenceParticleCell<mdLib::MoleculeLJ>>::get3DIndexOfPosition(std::array<double, (unsigned long)3> const&) const",CellBlock3D.h,0x537160
 cfree,,0.0,,,,,,,0.0,0.0,0.0,0.0,100.0,0.0,0.048638,4831149,0.497512,24155745,0.0,0.0,,,0,0,0,0,,0.0,libc.so.6,cfree,[Unknown],0xb880e
 func@0x408620,,0.0,,,,,,,0.0,0.0,0.0,0.0,0.0,0.0,0.048638,4831149,0.0,0,0.0,0.0,,,0,0,0,0,,0.0,md-flexible,func@0x408620,[Unknown],0x408620
 func@0x408e70,,0.0,,,,,,,0.0,0.0,0.0,0.0,0.0,0.0,0.048638,4831149,0.0,0,0.0,0.0,,,0,0,0,0,,0.0,md-flexible,func@0x408e70,[Unknown],0x408e70
 func@0xa4fd0,,0.0,,,,,,,,0.0,0.0,0.0,0.0,0.0,0.048638,4831149,0.0,0,0.0,0.0,,,0,0,0,0,,0.0,libstdc++.so.6.0.33,func@0xa4fd0,[Unknown],0xa4fd0
 gomp_iter_ull_dynamic_next,,0.0,,,,,,,100.0,52.5,0.0,0.0,0.0,0.0,0.194553,19324596,0.0,0,0.0,0.0,,,0,0,0,0,,7.000000,libgomp.so.1.0.0,gomp_iter_ull_dynamic_next,iter_ull.c,0x12970
 malloc,,0.0,,,,,,,0.0,0.0,84.0,0.0,0.0,0.0,0.048638,4831149,0.298507,14493447,0.0,0.0,,,0,0,0,0,,7.000000,libc.so.6,malloc,[Unknown],0xb811e
 "mdLib::LJFunctorAVX<mdLib::MoleculeLJ, (bool)1, (bool)1, (autopas::FunctorN3Modes)2, (bool)0, (bool)0, (bool)1>::AoSFunctor",,0.0,,,,,,,1.9,4.7,3.0,3.7,0.7,0.0,42.850195,3183727191,74.228856,1550798829,0.0,100.000000,,,0,0,0,0,,8.890909,md-flexible,"mdLib::LJFunctorAVX<mdLib::MoleculeLJ, (bool)1, (bool)1, (autopas::FunctorN3Modes)2, (bool)0, (bool)0, (bool)1>::AoSFunctor(mdLib::MoleculeLJ&, mdLib::MoleculeLJ&, bool)",LJFunctorAVX.h,0x43f7a0
  "ParticlePropertiesLibrary<double, unsigned long>::getMixing24Epsilon",,0.0,,,,,,,0.0,0.0,0.0,0.0,0.0,0.0,1.896887,188414811,0.0,0,0.0,0.0,,,0,0,0,0,,8.303030,md-flexible,"ParticlePropertiesLibrary<double, unsigned long>::getMixing24Epsilon(unsigned long, unsigned long) const",ParticlePropertiesLibrary.h,0x43f837
   "std::vector<ParticlePropertiesLibrary<double, unsigned long>::PackedLJMixingData, autopas::AlignedAllocator<ParticlePropertiesLibrary<double, unsigned long>::PackedLJMixingData, (unsigned long)64>>::operator[]",,0.0,,,,,,,0.0,0.0,7.0,0.0,0.0,0.0,0.0,0,0.0,0,0.0,0.0,,,0,0,0,0,,0.0,md-flexible,"std::vector<ParticlePropertiesLibrary<double, unsigned long>::PackedLJMixingData, autopas::AlignedAllocator<ParticlePropertiesLibrary<double, unsigned long>::PackedLJMixingData, (unsigned long)64>>::operator[](unsigned long) const",stl_vector.h,0x43f837
  "ParticlePropertiesLibrary<double, unsigned long>::getMixingSigmaSquared",,0.0,,,,,,,0.0,0.0,10.0,0.0,0.0,0.0,1.070039,106285278,30.248756,1468669296,0.0,0.0,,,0,0,0,0,,7.950000,md-flexible,"ParticlePropertiesLibrary<double, unsigned long>::getMixingSigmaSquared(unsigned long, unsigned long) const",ParticlePropertiesLibrary.h,0x43f7fb
  "autopas::ParticleBase<double, unsigned long>::addF",,0.0,,,,,,,0.0,0.0,0.0,0.0,0.0,0.0,5.447471,0,12.039801,0,0.0,0.0,,,0,0,0,0,,0.0,md-flexible,"autopas::ParticleBase<double, unsigned long>::addF(std::array<double, (unsigned long)3> const&)",ParticleBase.h,0x43f8e0
   "autopas::utils::ArrayMath::literals::operator+=<double, (unsigned long)3>",,0.0,,,,,,,0.0,0.0,0.0,6.8,0.0,0.0,5.447471,541088688,12.039801,584569029,0.0,0.0,,,0,0,0,0,,31.700000,md-flexible,"autopas::utils::ArrayMath::literals::operator+=<double, (unsigned long)3>(std::array<double, (unsigned long)3>, (unsigned long)3 const&)",ArrayMath.h,0x43f8e0
  "autopas::utils::ArrayMath::dot<double, (unsigned long)3>",,0.0,,,,,,,10.4,5.3,10.5,0.0,0.0,0.0,0.0,0,0.0,0,0.0,0.0,,,0,0,0,0,,0.0,md-flexible,"autopas::utils::ArrayMath::dot<double, (unsigned long)3>(std::array<double, (unsigned long)3> const&, std::array<double, (unsigned long)3> const)",ArrayMath.h,0x43f865
  "autopas::utils::ArrayMath::literals::operator*<double, (unsigned long)3>",,0.0,,,,,,,0.0,0.0,0.0,0.0,0.0,0.0,0.0,0,0.0,0,0.0,0.0,,,0,0,0,0,,0.0,md-flexible,"autopas::utils::ArrayMath::literals::operator*<double, (unsigned long)3>((unsigned long)3 const&, double)",ArrayMath.h,0x43f8d4
   "autopas::utils::ArrayMath::mulScalar<double, (unsigned long)3>",,0.0,,,,,,,0.0,0.0,7.0,0.0,0.0,0.0,0.0,0,0.0,0,0.0,0.0,,,0,0,0,0,,0.0,md-flexible,"autopas::utils::ArrayMath::mulScalar<double, (unsigned long)3>((unsigned long)3 const&, double)",ArrayMath.h,0x43f8d4
  "autopas::utils::ArrayMath::literals::operator-<double, (unsigned long)3>",,0.0,,,,,,,0.0,0.0,0.0,0.0,0.0,0.0,2.383268,0,0.0,0,0.0,100.000000,,,0,0,0,0,,0.0,md-flexible,"autopas::utils::ArrayMath::literals::operator-<double, (unsigned long)3>((unsigned long)3 const&, (unsigned long)3 const)",ArrayMath.h,0x43f860
   "autopas::utils::ArrayMath::sub<double, (unsigned long)3>",,0.0,,,,,,,0.0,38.8,0.0,12.9,6.5,0.0,2.383268,236726301,0.0,0,0.0,100.000000,,,0,4831342,0,0,,11.648649,md-flexible,"autopas::utils::ArrayMath::sub<double, (unsigned long)3>((unsigned long)3 const&, (unsigned long)3 const)",ArrayMath.h,0x43f860
 mdLib::MoleculeLJ::getOldF,,0.0,,,,,,,0.0,0.0,0.0,0.0,0.0,0.0,0.194553,19324596,0.0,0,0.0,0.0,,,0,0,0,0,,0.0,md-flexible,mdLib::MoleculeLJ::getOldF(void) const,MoleculeLJ.cpp,0x690e00
 mdLib::MoleculeLJ::getTypeId,,0.0,,,,,,,1.3,10.2,0.0,5.1,1.3,0.0,35.797665,3555725664,0.0,0,0.0,0.0,,,0,0,0,0,,11.405594,md-flexible,mdLib::MoleculeLJ::getTypeId(void) const,MoleculeLJ.cpp,0x690e30
 mdLib::MoleculeLJ::setOldF,,0.0,,,,,,,0.0,0.0,0.0,0.0,0.0,0.0,0.340467,33818043,0.0,0,0.0,0.0,,,0,0,0,0,,0.0,md-flexible,"mdLib::MoleculeLJ::setOldF(std::array<double, (unsigned long)3> const&)",MoleculeLJ.cpp,0x690e10
 "std::__introsort_loop<__gnu_cxx::__normal_iterator<mdLib::MoleculeLJ*, std::vector<mdLib::MoleculeLJ, std::allocator<mdLib::MoleculeLJ>>>, long, __gnu_cxx::__ops::_Iter_comp_iter<autopas::VerletListsLinkedReferencesBase<mdLib::MoleculeLJ>::sortParticlesByConfiguredKey(void)::{lambda(mdLib::MoleculeLJ const&mdLib::MoleculeLJ const&)#1}>>",,0.0,,,,,,,0.0,0.0,0.0,0.0,0.0,0.0,0.0,0,0.796020,0,0.0,0.0,,,0,0,0,0,,0.0,md-flexible,"std::__introsort_loop<__gnu_cxx::__normal_iterator<mdLib::MoleculeLJ*, std::vector<mdLib::MoleculeLJ, std::allocator<mdLib::MoleculeLJ>>>, long, __gnu_cxx::__ops::_Iter_comp_iter<autopas::VerletListsLinkedReferencesBase<mdLib::MoleculeLJ>::sortParticlesByConfiguredKey(void)::{lambda(mdLib::MoleculeLJ const&mdLib::MoleculeLJ const&)#1}>>(__gnu_cxx::__normal_iterator<mdLib::MoleculeLJ*, std::vector<mdLib::MoleculeLJ, std::allocator<mdLib::MoleculeLJ>>>, __gnu_cxx::__normal_iterator<mdLib::MoleculeLJ*, std::vector<mdLib::MoleculeLJ, std::allocator<mdLib::MoleculeLJ>>>, long, __gnu_cxx::__ops::_Iter_comp_iter<autopas::VerletListsLinkedReferencesBase<mdLib::MoleculeLJ>::sortParticlesByConfiguredKey(void)::{lambda(mdLib::MoleculeLJ const&mdLib::MoleculeLJ const&)#1}>)",stl_algo.h,0x5461b0
  "std::__unguarded_partition_pivot<__gnu_cxx::__normal_iterator<mdLib::MoleculeLJ*, std::vector<mdLib::MoleculeLJ, std::allocator<mdLib::MoleculeLJ>>>, __gnu_cxx::__ops::_Iter_comp_iter<autopas::VerletListsLinkedReferencesBase<mdLib::MoleculeLJ>::sortParticlesByConfiguredKey(void)::{lambda(mdLib::MoleculeLJ const&mdLib::MoleculeLJ const&)#1}>>",,0.0,,,,,,,0.0,0.0,0.0,0.0,0.0,0.0,0.0,0,0.796020,0,0.0,0.0,,,0,0,0,0,,0.0,md-flexible,"std::__unguarded_partition_pivot<__gnu_cxx::__normal_iterator<mdLib::MoleculeLJ*, std::vector<mdLib::MoleculeLJ, std::allocator<mdLib::MoleculeLJ>>>, __gnu_cxx::__ops::_Iter_comp_iter<autopas::VerletListsLinkedReferencesBase<mdLib::MoleculeLJ>::sortParticlesByConfiguredKey(void)::{lambda(mdLib::MoleculeLJ const&mdLib::MoleculeLJ const&)#1}>>(__gnu_cxx::__normal_iterator<mdLib::MoleculeLJ*, std::vector<mdLib::MoleculeLJ, std::allocator<mdLib::MoleculeLJ>>>, __gnu_cxx::__normal_iterator<mdLib::MoleculeLJ*, std::vector<mdLib::MoleculeLJ, std::allocator<mdLib::MoleculeLJ>>>, __gnu_cxx::__ops::_Iter_comp_iter<autopas::VerletListsLinkedReferencesBase<mdLib::MoleculeLJ>::sortParticlesByConfiguredKey(void)::{lambda(mdLib::MoleculeLJ const&mdLib::MoleculeLJ const&)#1}>)",stl_algo.h,0x5461ee
   "std::__unguarded_partition<__gnu_cxx::__normal_iterator<mdLib::MoleculeLJ*, std::vector<mdLib::MoleculeLJ, std::allocator<mdLib::MoleculeLJ>>>, __gnu_cxx::__ops::_Iter_comp_iter<autopas::VerletListsLinkedReferencesBase<mdLib::MoleculeLJ>::sortParticlesByConfiguredKey(void)::{lambda(mdLib::MoleculeLJ const&mdLib::MoleculeLJ const&)#1}>>",,0.0,,,,,,,0.0,0.0,0.0,0.0,0.0,0.0,0.0,0,0.796020,0,0.0,0.0,,,0,0,0,0,,0.0,md-flexible,"std::__unguarded_partition<__gnu_cxx::__normal_iterator<mdLib::MoleculeLJ*, std::vector<mdLib::MoleculeLJ, std::allocator<mdLib::MoleculeLJ>>>, __gnu_cxx::__ops::_Iter_comp_iter<autopas::VerletListsLinkedReferencesBase<mdLib::MoleculeLJ>::sortParticlesByConfiguredKey(void)::{lambda(mdLib::MoleculeLJ const&mdLib::MoleculeLJ const&)#1}>>(__gnu_cxx::__normal_iterator<mdLib::MoleculeLJ*, std::vector<mdLib::MoleculeLJ, std::allocator<mdLib::MoleculeLJ>>>, __gnu_cxx::__normal_iterator<mdLib::MoleculeLJ*, std::vector<mdLib::MoleculeLJ, std::allocator<mdLib::MoleculeLJ>>>, __gnu_cxx::__normal_iterator<mdLib::MoleculeLJ*, std::vector<mdLib::MoleculeLJ, std::allocator<mdLib::MoleculeLJ>>>, __gnu_cxx::__ops::_Iter_comp_iter<autopas::VerletListsLinkedReferencesBase<mdLib::MoleculeLJ>::sortParticlesByConfiguredKey(void)::{lambda(mdLib::MoleculeLJ const&mdLib::MoleculeLJ const&)#1}>)",stl_algo.h,0x5462bd
    "__gnu_cxx::__ops::_Iter_comp_iter<autopas::VerletListsLinkedReferencesBase<mdLib::MoleculeLJ>::sortParticlesByConfiguredKey(void)::{lambda(mdLib::MoleculeLJ const&mdLib::MoleculeLJ const&)#1}>::operator()<__gnu_cxx::__normal_iterator<mdLib::MoleculeLJ*, std::vector<mdLib::MoleculeLJ, std::allocator<mdLib::MoleculeLJ>>>, __gnu_cxx::__normal_iterator<mdLib::MoleculeLJ*, std::vector<mdLib::MoleculeLJ, std::allocator<mdLib::MoleculeLJ>>>>",,0.0,,,,,,,0.0,0.0,0.0,0.0,0.0,0.0,0.0,0,0.199005,0,0.0,0.0,,,0,0,0,0,,0.0,md-flexible,"__gnu_cxx::__ops::_Iter_comp_iter<autopas::VerletListsLinkedReferencesBase<mdLib::MoleculeLJ>::sortParticlesByConfiguredKey(void)::{lambda(mdLib::MoleculeLJ const&mdLib::MoleculeLJ const&)#1}>::operator()<__gnu_cxx::__normal_iterator<mdLib::MoleculeLJ*, std::vector<mdLib::MoleculeLJ, std::allocator<mdLib::MoleculeLJ>>>, __gnu_cxx::__normal_iterator<mdLib::MoleculeLJ*, std::vector<mdLib::MoleculeLJ, std::allocator<mdLib::MoleculeLJ>>>>(__gnu_cxx::__normal_iterator<mdLib::MoleculeLJ*, std::vector<mdLib::MoleculeLJ, std::allocator<mdLib::MoleculeLJ>>>, __gnu_cxx::__normal_iterator<mdLib::MoleculeLJ*, std::vector<mdLib::MoleculeLJ, std::allocator<mdLib::MoleculeLJ>>>)",predefined_ops.h,0x5462c8
     autopas::VerletListsLinkedReferencesBase<mdLib::MoleculeLJ>::sortParticlesByConfiguredKey(void)::{lambda(mdLib::MoleculeLJ const&mdLib::MoleculeLJ const&)#1}::operator(),,0.0,,,,,,,0.0,0.0,0.0,0.0,0.0,0.0,0.0,0,0.199005,9662298,0.0,0.0,,,0,0,0,0,,0.0,md-flexible,"autopas::VerletListsLinkedReferencesBase<mdLib::MoleculeLJ>::sortParticlesByConfiguredKey(void)::{lambda(mdLib::MoleculeLJ const&mdLib::MoleculeLJ const&)#1}::operator()(mdLib::MoleculeLJ const&, mdLib::MoleculeLJ const&) const",VerletListsLinkedReferencesBase.h,0x5462c8
    "__gnu_cxx::__ops::_Iter_comp_iter<autopas::VerletListsLinkedReferencesBase<mdLib::MoleculeLJ>::sortParticlesByConfiguredKey(void)::{lambda(mdLib::MoleculeLJ const&mdLib::MoleculeLJ const&)#1}>::operator()<__gnu_cxx::__normal_iterator<mdLib::MoleculeLJ*, std::vector<mdLib::MoleculeLJ, std::allocator<mdLib::MoleculeLJ>>>, __gnu_cxx::__normal_iterator<mdLib::MoleculeLJ*, std::vector<mdLib::MoleculeLJ, std::allocator<mdLib::MoleculeLJ>>>>",,0.0,,,,,,,0.0,0.0,0.0,0.0,0.0,0.0,0.0,0,0.597015,0,0.0,0.0,,,0,0,0,0,,0.0,md-flexible,"__gnu_cxx::__ops::_Iter_comp_iter<autopas::VerletListsLinkedReferencesBase<mdLib::MoleculeLJ>::sortParticlesByConfiguredKey(void)::{lambda(mdLib::MoleculeLJ const&mdLib::MoleculeLJ const&)#1}>::operator()<__gnu_cxx::__normal_iterator<mdLib::MoleculeLJ*, std::vector<mdLib::MoleculeLJ, std::allocator<mdLib::MoleculeLJ>>>, __gnu_cxx::__normal_iterator<mdLib::MoleculeLJ*, std::vector<mdLib::MoleculeLJ, std::allocator<mdLib::MoleculeLJ>>>>(__gnu_cxx::__normal_iterator<mdLib::MoleculeLJ*, std::vector<mdLib::MoleculeLJ, std::allocator<mdLib::MoleculeLJ>>>, __gnu_cxx::__normal_iterator<mdLib::MoleculeLJ*, std::vector<mdLib::MoleculeLJ, std::allocator<mdLib::MoleculeLJ>>>)",predefined_ops.h,0x546310
     autopas::VerletListsLinkedReferencesBase<mdLib::MoleculeLJ>::sortParticlesByConfiguredKey(void)::{lambda(mdLib::MoleculeLJ const&mdLib::MoleculeLJ const&)#1}::operator(),,0.0,,,,,,,0.0,0.0,0.0,0.0,0.0,0.0,0.0,0,0.597015,28986894,0.0,0.0,,,0,0,0,0,,0.0,md-flexible,"autopas::VerletListsLinkedReferencesBase<mdLib::MoleculeLJ>::sortParticlesByConfiguredKey(void)::{lambda(mdLib::MoleculeLJ const&mdLib::MoleculeLJ const&)#1}::operator()(mdLib::MoleculeLJ const&, mdLib::MoleculeLJ const&) const",VerletListsLinkedReferencesBase.h,0x546310
 std::swap<mdLib::MoleculeLJ>,,0.0,,,,,,,0.0,0.0,0.0,0.0,0.0,0.0,0.048638,0,0.0,0,0.0,0.0,,,0,0,0,0,,0.0,md-flexible,"std::swap<mdLib::MoleculeLJ>(mdLib::MoleculeLJ&, mdLib::MoleculeLJ&)",move.h,0x51bdb0
  mdLib::MoleculeLJ::MoleculeLJ,,0.0,,,,,,,0.0,0.0,0.0,0.0,0.0,0.0,0.048638,4831149,0.0,0,0.0,0.0,,,0,0,0,0,,0.0,md-flexible,mdLib::MoleculeLJ::MoleculeLJ(mdLib::MoleculeLJ const&),MoleculeLJ.h,0x51bdbd
 "std::vector<double, autopas::AlignedAllocator<double, (unsigned long)64>>::resize",,0.0,,,,,,,0.0,0.0,0.0,0.0,0.0,0.0,0.048638,0,0.0,0,0.0,0.0,,,0,0,0,0,,0.0,md-flexible,"std::vector<double, autopas::AlignedAllocator<double, (unsigned long)64>>::resize(unsigned long)",stl_vector.h,0x54bb40
  "std::vector<double, autopas::AlignedAllocator<double, (unsigned long)64>>::size",,0.0,,,,,,,0.0,0.0,0.0,0.0,0.0,0.0,0.048638,4831149,0.0,0,0.0,0.0,,,0,0,0,0,,0.0,md-flexible,"std::vector<double, autopas::AlignedAllocator<double, (unsigned long)64>>::size(void) const",stl_vector.h,0x54bb40
 unlink_chunk.isra.0,,0.0,,,,,,,0.0,0.0,0.0,0.0,60.0,0.0,0.0,0,0.0,0,0.0,0.0,,,0,0,0,0,,0.0,libc.so.6,unlink_chunk.isra.0,[Unknown],0xb452e
