Function,CPU Time,Memory Bound(%),Memory Bound:L1 Bound(%),Memory Bound:L2 Bound(%),Memory Bound:L3 Bound(%),Memory Bound:DRAM Bound(%),Memory Bound:Store Bound(%),Loads,Stores,LLC Miss Count,LLC Miss Count:Local Memory Access Count,LLC Miss Count:Remote Memory Access Count,LLC Miss Count:Remote Cache Access Count,Average Latency (cycles),Module,Function (Full),Source File,Start Address
"ParticlePropertiesLibrary<double, unsigned long>::getMixing24Epsilon",0.0,0.0,0.0,0.0,0.0,0.0,0.0,222928990,0,0,0,0,0,7.642857,md-flexible,"ParticlePropertiesLibrary<double, unsigned long>::getMixing24Epsilon(unsigned long, unsigned long) const",ParticlePropertiesLibrary.h,0x43f837
"ParticlePropertiesLibrary<double, unsigned long>::getMixingSigmaSquared",0.0,0.0,21.3,8.5,0.0,0.0,0.0,128065590,1522557570,0,0,0,0,7.903226,md-flexible,"ParticlePropertiesLibrary<double, unsigned long>::getMixingSigmaSquared(unsigned long, unsigned long) const",ParticlePropertiesLibrary.h,0x43f7fb
TimeDiscretization::calculatePositionsAndResetForces._omp_fn.0,0.0,0.0,0.0,0.0,0.0,0.0,0.0,14229510,14229510,0,0,0,0,0.0,md-flexible,TimeDiscretization::calculatePositionsAndResetForces._omp_fn.0,TimeDiscretization.cpp,0x4591c0
TimeDiscretization::calculateVelocities._omp_fn.0,0.0,0.0,0.0,0.0,0.0,0.0,0.0,9486340,18972680,0,0,0,0,7.000000,md-flexible,TimeDiscretization::calculateVelocities._omp_fn.0,TimeDiscretization.cpp,0x459520
[Outside any known module],0.0,19.4,22.9,0.0,0.0,15.3,0.0,71147550,47431700,0,0,0,0,26.833333,[Unknown],[Outside any known module],[Unknown],0x0
_ZSt12construct_atIPN5mdLib10MoleculeLJEJRKS2_EEDTgsnwcvPvLi0E_T_pispcl7declvalIT0_EEEEPS6_DpOS7_,0.0,0.0,0.0,0.0,0.0,0.0,0.0,0,14229510,0,0,0,0,0.0,md-flexible,_ZSt12construct_atIPN5mdLib10MoleculeLJEJRKS2_EEDTgsnwcvPvLi0E_T_pispcl7declvalIT0_EEEEPS6_DpOS7_,stl_construct.h,0x509f8c
_ZSt12construct_atIPN5mdLib10MoleculeLJEJRKS2_EEDTgsnwcvPvLi0E_T_pispcl7declvalIT0_EEEEPS6_DpOS7_,0.0,14.8,68.7,0.0,0.0,0.0,0.0,0,56918040,0,0,0,0,0.0,md-flexible,_ZSt12construct_atIPN5mdLib10MoleculeLJEJRKS2_EEDTgsnwcvPvLi0E_T_pispcl7declvalIT0_EEEEPS6_DpOS7_,stl_construct.h,0x509ab7
_ZSt12construct_atIPN5mdLib10MoleculeLJEJRKS2_EEDTgsnwcvPvLi0E_T_pispcl7declvalIT0_EEEEPS6_DpOS7_,0.0,,100.0,0.0,0.0,0.0,0.0,0,4743170,0,0,0,0,0.0,md-flexible,_ZSt12construct_atIPN5mdLib10MoleculeLJEJRKS2_EEDTgsnwcvPvLi0E_T_pispcl7declvalIT0_EEEEPS6_DpOS7_,stl_construct.h,0x509ff1
__memcpy_evex_unaligned_erms,0.0,0.0,0.0,0.0,41.2,41.2,41.2,37945360,28459020,0,0,0,0,0.0,libc.so.6,__memcpy_evex_unaligned_erms,[Unknown],0x18eb4e
_int_free,0.0,0.0,0.0,,0.0,,0.0,28459020,4743170,0,0,0,0,7.000000,libc.so.6,_int_free,[Unknown],0xb5d1e
_int_free_create_chunk,0.0,0.0,0.0,100.0,0.0,0.0,0.0,0,0,0,0,0,0,0.0,libc.so.6,_int_free_create_chunk,[Unknown],0xb47de
_int_free_merge_chunk,0.0,0.0,0.0,0.0,0.0,0.0,0.0,0,4743170,0,0,0,0,0.0,libc.so.6,_int_free_merge_chunk,[Unknown],0xb5bce
_int_malloc,0.0,26.2,0.0,0.0,13.7,0.0,0.0,28459020,14229510,0,0,0,0,9.000000,libc.so.6,_int_malloc,[Unknown],0xb697e
alloc_perturb,0.0,0.0,0.0,0.0,0.0,0.0,0.0,4743170,0,0,0,0,0,0.0,libc.so.6,alloc_perturb,[Unknown],0xb3dce
"autopas::ColorBasedTraversal<autopas::ReferenceParticleCell<mdLib::MoleculeLJ>, autopas::VerletListHelpers<mdLib::MoleculeLJ>::VerletListGeneratorFunctor, (int)3>::initTraversal._omp_fn.0",0.0,0.0,0.0,0.0,0.0,0.0,0.0,4743170,0,0,0,0,0,0.0,md-flexible,"autopas::ColorBasedTraversal<autopas::ReferenceParticleCell<mdLib::MoleculeLJ>, autopas::VerletListHelpers<mdLib::MoleculeLJ>::VerletListGeneratorFunctor, (int)3>::initTraversal._omp_fn.0",ColorBasedTraversal.h,0x501fe0
"autopas::ContainerIterator<mdLib::MoleculeLJ, (bool)1, (bool)0>::fetchParticleAtCurrentIndex",0.0,0.0,0.0,0.0,0.0,0.0,0.0,9486340,0,0,0,0,0,0.0,md-flexible,"autopas::ContainerIterator<mdLib::MoleculeLJ, (bool)1, (bool)0>::fetchParticleAtCurrentIndex(void)",ContainerIterator.h,0x541b69
"autopas::ContainerIterator<mdLib::MoleculeLJ, (bool)1, (bool)0>::operator++",0.0,0.0,0.0,0.0,0.0,0.0,0.0,0,4743170,0,0,0,0,0.0,md-flexible,"autopas::ContainerIterator<mdLib::MoleculeLJ, (bool)1, (bool)0>::operator++(void)",ContainerIterator.h,0x541b62
autopas::LinkedCellsReferences<mdLib::MoleculeLJ>::advanceIteratorIndices<(bool)0>,0.0,,100.0,0.0,0.0,100.0,0.0,4743170,0,2372509,0,0,0,7.000000,md-flexible,"autopas::LinkedCellsReferences<mdLib::MoleculeLJ>::advanceIteratorIndices<(bool)0>(unsigned long, unsigned long, autopas::options::IteratorBehavior, std::array<double, (unsigned long)3> const&, std::array<double, (unsigned long)3> const&, std::array<double, (unsigned long)3> const&, std::array<double, (unsigned long)3> const&, unsigned long) const",LinkedCellsReferences.h,0x4fdc40
autopas::LinkedCellsReferences<mdLib::MoleculeLJ>::getParticle,0.0,0.0,0.0,0.0,0.0,0.0,0.0,4743170,0,0,0,0,0,17.000000,md-flexible,"autopas::LinkedCellsReferences<mdLib::MoleculeLJ>::getParticle(unsigned long, unsigned long, autopas::options::IteratorBehavior) const",LinkedCellsReferences.h,0x50e300
autopas::LinkedCellsReferences<mdLib::MoleculeLJ>::getParticleImpl<(bool)0>,0.0,0.0,0.0,0.0,0.0,0.0,0.0,18972680,0,0,0,0,0,0.0,md-flexible,"autopas::LinkedCellsReferences<mdLib::MoleculeLJ>::getParticleImpl<(bool)0>(unsigned long, unsigned long, autopas::options::IteratorBehavior, std::array<double, (unsigned long)3> const&, std::array<double, (unsigned long)3> const&) const",LinkedCellsReferences.h,0x50e311
autopas::LogicHandler<mdLib::MoleculeLJ>::checkNeighborListsInvalidDoDynamicRebuild._omp_fn.0,0.0,0.0,82.5,,0.0,,0.0,0,9486340,0,0,0,0,9.000000,md-flexible,autopas::LogicHandler<mdLib::MoleculeLJ>::checkNeighborListsInvalidDoDynamicRebuild._omp_fn.0,LogicHandler.h,0x514820
"autopas::ParticleBase<double, unsigned long>::isDummy",0.0,0.0,0.0,0.0,0.0,100.0,0.0,9486340,0,0,0,0,0,7.000000,md-flexible,"autopas::ParticleBase<double, unsigned long>::isDummy(void) const",ParticleBase.h,0x50e3e8
"autopas::ParticleBase<double, unsigned long>::operator=",0.0,0.0,0.0,0.0,0.0,0.0,0.0,4743170,0,0,0,0,0,0.0,md-flexible,"autopas::ParticleBase<double, unsigned long>::operator=(autopas::ParticleBase<double, unsigned long> const&)",ParticleBase.h,0x546351
autopas::ReferenceParticleCell<mdLib::MoleculeLJ>::operator[],0.0,0.0,0.0,0.0,0.0,0.0,0.0,0,0,0,0,0,0,12.000000,md-flexible,autopas::ReferenceParticleCell<mdLib::MoleculeLJ>::operator[](unsigned long) const,ReferenceParticleCell.h,0x50e408
"autopas::VLListIterationTraversal<autopas::ReferenceParticleCell<mdLib::MoleculeLJ>, mdLib::LJFunctorAVX<mdLib::MoleculeLJ, (bool)1, (bool)1, (autopas::FunctorN3Modes)2, (bool)0, (bool)0, (bool)1>>::traverseParticles._omp_fn.0",0.0,22.3,5.6,0.0,15.7,30.3,0.0,232415330,597639420,2372509,0,0,0,7.400000,md-flexible,"autopas::VLListIterationTraversal<autopas::ReferenceParticleCell<mdLib::MoleculeLJ>, mdLib::LJFunctorAVX<mdLib::MoleculeLJ, (bool)1, (bool)1, (autopas::FunctorN3Modes)2, (bool)0, (bool)0, (bool)1>>::traverseParticles._omp_fn.0",VLListIterationTraversal.h,0x57bca0
autopas::VerletListHelpers<mdLib::MoleculeLJ>::VerletListGeneratorFunctor::SoAFunctorPair,0.0,7.4,3.6,0.0,0.0,7.1,0.0,1133617630,9486340,0,4743359,0,0,8.370370,md-flexible,"autopas::VerletListHelpers<mdLib::MoleculeLJ>::VerletListGeneratorFunctor::SoAFunctorPair(autopas::SoAView<std::tuple<std::vector<mdLib::MoleculeLJ*, autopas::AlignedAllocator<mdLib::MoleculeLJ*, (unsigned long)64>>, std::vector<unsigned long, autopas::AlignedAllocator<unsigned long, (unsigned long)64>>, std::vector<double, autopas::AlignedAllocator<double, (unsigned long)64>>, std::vector<double, autopas::AlignedAllocator<double, (unsigned long)64>>, std::vector<double, autopas::AlignedAllocator<double, (unsigned long)64>>, std::vector<double, autopas::AlignedAllocator<double, (unsigned long)64>>, std::vector<double, autopas::AlignedAllocator<double, (unsigned long)64>>, std::vector<double, autopas::AlignedAllocator<double, (unsigned long)64>>, std::vector<double, autopas::AlignedAllocator<double, (unsigned long)64>>, std::vector<double, autopas::AlignedAllocator<double, (unsigned long)64>>, std::vector<double, autopas::AlignedAllocator<double, (unsigned long)64>>, std::vector<double, autopas::AlignedAllocator<double, (unsigned long)64>>, std::vector<double, autopas::AlignedAllocator<double, (unsigned long)64>>, std::vector<double, autopas::AlignedAllocator<double, (unsigned long)64>>, std::vector<unsigned long, autopas::AlignedAllocator<unsigned long, (unsigned long)64>>, std::vector<autopas::OwnershipState, autopas::AlignedAllocator<autopas::OwnershipState, (unsigned long)64>>>>, autopas::SoAView<std::tuple<std::vector<mdLib::MoleculeLJ*, autopas::AlignedAllocator<mdLib::MoleculeLJ*, (unsigned long)64>>, std::vector<unsigned long, autopas::AlignedAllocator<unsigned long, (unsigned long)64>>, std::vector<double, autopas::AlignedAllocator<double, (unsigned long)64>>, std::vector<double, autopas::AlignedAllocator<double, (unsigned long)64>>, std::vector<double, autopas::AlignedAllocator<double, (unsigned long)64>>, std::vector<double, autopas::AlignedAllocator<double, (unsigned long)64>>, std::vector<double, autopas::AlignedAllocator<double, (unsigned long)64>>, std::vector<double, autopas::AlignedAllocator<double, (unsigned long)64>>, std::vector<double, autopas::AlignedAllocator<double, (unsigned long)64>>, std::vector<double, autopas::AlignedAllocator<double, (unsigned long)64>>, std::vector<double, autopas::AlignedAllocator<double, (unsigned long)64>>, std::vector<double, autopas::AlignedAllocator<double, (unsigned long)64>>, std::vector<double, autopas::AlignedAllocator<double, (unsigned long)64>>, std::vector<double, autopas::AlignedAllocator<double, (unsigned long)64>>, std::vector<unsigned long, autopas::AlignedAllocator<unsigned long, (unsigned long)64>>, std::vector<autopas::OwnershipState, autopas::AlignedAllocator<autopas::OwnershipState, (unsigned long)64>>>>, bool)",VerletListHelpers.h,0x509900
autopas::VerletListHelpers<mdLib::MoleculeLJ>::VerletListGeneratorFunctor::SoAFunctorSingle,0.0,0.0,0.0,0.0,0.0,0.0,0.0,52174870,9486340,0,0,0,0,13.333333,md-flexible,"autopas::VerletListHelpers<mdLib::MoleculeLJ>::VerletListGeneratorFunctor::SoAFunctorSingle(autopas::SoAView<std::tuple<std::vector<mdLib::MoleculeLJ*, autopas::AlignedAllocator<mdLib::MoleculeLJ*, (unsigned long)64>>, std::vector<unsigned long, autopas::AlignedAllocator<unsigned long, (unsigned long)64>>, std::vector<double, autopas::AlignedAllocator<double, (unsigned long)64>>, std::vector<double, autopas::AlignedAllocator<double, (unsigned long)64>>, std::vector<double, autopas::AlignedAllocator<double, (unsigned long)64>>, std::vector<double, autopas::AlignedAllocator<double, (unsigned long)64>>, std::vector<double, autopas::AlignedAllocator<double, (unsigned long)64>>, std::vector<double, autopas::AlignedAllocator<double, (unsigned long)64>>, std::vector<double, autopas::AlignedAllocator<double, (unsigned long)64>>, std::vector<double, autopas::AlignedAllocator<double, (unsigned long)64>>, std::vector<double, autopas::AlignedAllocator<double, (unsigned long)64>>, std::vector<double, autopas::AlignedAllocator<double, (unsigned long)64>>, std::vector<double, autopas::AlignedAllocator<double, (unsigned long)64>>, std::vector<double, autopas::AlignedAllocator<double, (unsigned long)64>>, std::vector<unsigned long, autopas::AlignedAllocator<unsigned long, (unsigned long)64>>, std::vector<autopas::OwnershipState, autopas::AlignedAllocator<autopas::OwnershipState, (unsigned long)64>>>>, bool)",VerletListHelpers.h,0x509e00
autopas::VerletListsLinkedReferencesBase<mdLib::MoleculeLJ>::getParticleCoordinateForPosition,0.0,22.7,41.2,,0.0,,0.0,42688530,61661210,0,0,0,0,7.000000,md-flexible,"autopas::VerletListsLinkedReferencesBase<mdLib::MoleculeLJ>::getParticleCoordinateForPosition(std::array<double, (unsigned long)3> const&) const",VerletListsLinkedReferencesBase.h,0x537b80
autopas::VerletListsLinkedReferencesBase<mdLib::MoleculeLJ>::sortParticlesByConfiguredKey(void)::{lambda(mdLib::MoleculeLJ const&mdLib::MoleculeLJ const&)#1}::operator(),0.0,0.0,0.0,0.0,0.0,0.0,0.0,0,4743170,0,0,0,0,0.0,md-flexible,"autopas::VerletListsLinkedReferencesBase<mdLib::MoleculeLJ>::sortParticlesByConfiguredKey(void)::{lambda(mdLib::MoleculeLJ const&mdLib::MoleculeLJ const&)#1}::operator()(mdLib::MoleculeLJ const&, mdLib::MoleculeLJ const&) const",VerletListsLinkedReferencesBase.h,0x5462c8
autopas::VerletListsLinkedReferencesBase<mdLib::MoleculeLJ>::sortingKeyForParticle,0.0,0.0,0.0,0.0,0.0,0.0,0.0,37945360,4743170,0,0,0,0,7.000000,md-flexible,autopas::VerletListsLinkedReferencesBase<mdLib::MoleculeLJ>::sortingKeyForParticle(mdLib::MoleculeLJ const&) const,VerletListsLinkedReferencesBase.h,0x537b00
autopas::internal::CellBlock3D<autopas::ReferenceParticleCell<mdLib::MoleculeLJ>>::cellCanContainHaloParticles,0.0,0.0,0.0,0.0,0.0,0.0,0.0,18972680,0,0,0,0,0,7.000000,md-flexible,autopas::internal::CellBlock3D<autopas::ReferenceParticleCell<mdLib::MoleculeLJ>>::cellCanContainHaloParticles(unsigned long) const,CellBlock3D.h,0x539008
autopas::internal::CellBlock3D<autopas::ReferenceParticleCell<mdLib::MoleculeLJ>>::cellCanContainHaloParticles,0.0,,0.0,0.0,0.0,0.0,0.0,9486340,0,0,0,0,0,0.0,md-flexible,autopas::internal::CellBlock3D<autopas::ReferenceParticleCell<mdLib::MoleculeLJ>>::cellCanContainHaloParticles(unsigned long) const,CellBlock3D.h,0x4fdc90
autopas::internal::CellBlock3D<autopas::ReferenceParticleCell<mdLib::MoleculeLJ>>::getCellBoundingBox,0.0,0.0,0.0,0.0,0.0,0.0,0.0,4743170,14229510,0,0,0,0,0.0,md-flexible,"autopas::internal::CellBlock3D<autopas::ReferenceParticleCell<mdLib::MoleculeLJ>>::getCellBoundingBox(std::array<unsigned long, (unsigned long)3> const&) const",CellBlock3D.h,0x5390bd
"autopas::internal::CellFunctor<autopas::ReferenceParticleCell<mdLib::MoleculeLJ>, autopas::VerletListHelpers<mdLib::MoleculeLJ>::VerletListGeneratorFunctor, (bool)1>::processCellPairSoAImpl",0.0,0.0,0.0,0.0,0.0,0.0,0.0,4743170,0,0,0,0,0,0.0,md-flexible,"autopas::internal::CellFunctor<autopas::ReferenceParticleCell<mdLib::MoleculeLJ>, autopas::VerletListHelpers<mdLib::MoleculeLJ>::VerletListGeneratorFunctor, (bool)1>::processCellPairSoAImpl(autopas::ReferenceParticleCell<mdLib::MoleculeLJ>&, autopas::ReferenceParticleCell<mdLib::MoleculeLJ>&)",CellFunctor.h,0x54b9d0
"autopas::utils::ArrayMath::dot<double, (unsigned long)3>",0.0,0.0,8.0,4.0,0.0,0.0,0.0,0,0,0,0,0,0,0.0,md-flexible,"autopas::utils::ArrayMath::dot<double, (unsigned long)3>(std::array<double, (unsigned long)3> const&, std::array<double, (unsigned long)3> const)",ArrayMath.h,0x43f865
"autopas::utils::ArrayMath::literals::operator+=<double, (unsigned long)3>",0.0,0.0,0.0,10.1,5.0,0.0,0.0,450601150,531235040,0,0,0,0,21.230769,md-flexible,"autopas::utils::ArrayMath::literals::operator+=<double, (unsigned long)3>(std::array<double, (unsigned long)3>, (unsigned long)3 const&)",ArrayMath.h,0x43f8e0
"autopas::utils::ArrayMath::mulScalar<double, (unsigned long)3>",0.0,0.0,0.0,5.5,0.0,0.0,0.0,0,0,0,0,0,0,0.0,md-flexible,"autopas::utils::ArrayMath::mulScalar<double, (unsigned long)3>((unsigned long)3 const&, double)",ArrayMath.h,0x43f8d4
"autopas::utils::ArrayMath::sub<double, (unsigned long)3>",0.0,14.8,21.0,8.4,8.4,4.2,0.0,341508240,0,2372509,0,0,0,17.060000,md-flexible,"autopas::utils::ArrayMath::sub<double, (unsigned long)3>((unsigned long)3 const&, (unsigned long)3 const)",ArrayMath.h,0x43f860
autopas::utils::ThreeDimensionalMapping::oneToThreeD<unsigned long>,0.0,0.0,0.0,100.0,0.0,0.0,0.0,0,0,0,0,0,0,0.0,md-flexible,"autopas::utils::ThreeDimensionalMapping::oneToThreeD<unsigned long>(unsigned long, std::array<unsigned long, (unsigned long)3> const&)",ThreeDimensionalMapping.h,0x539024
"autopas::utils::TupleUtils::for_each<std::tuple<std::vector<mdLib::MoleculeLJ*, autopas::AlignedAllocator<mdLib::MoleculeLJ*, (unsigned long)64>>, std::vector<unsigned long, autopas::AlignedAllocator<unsigned long, (unsigned long)64>>, std::vector<double, autopas::AlignedAllocator<double, (unsigned long)64>>, std::vector<double, autopas::AlignedAllocator<double, (unsigned long)64>>, std::vector<double, autopas::AlignedAllocator<double, (unsigned long)64>>, std::vector<double, autopas::AlignedAllocator<double, (unsigned long)64>>, std::vector<double, autopas::AlignedAllocator<double, (unsigned long)64>>, std::vector<double, autopas::AlignedAllocator<double, (unsigned long)64>>, std::vector<double, autopas::AlignedAllocator<double, (unsigned long)64>>, std::vector<double, autopas::AlignedAllocator<double, (unsigned long)64>>, std::vector<double, autopas::AlignedAllocator<double, (unsigned long)64>>, std::vector<double, autopas::AlignedAllocator<double, (unsigned long)64>>, std::vector<double, autopas::AlignedAllocator<double, (unsigned long)64>>, std::vector<double, autopas::AlignedAllocator<double, (unsigned long)64>>, std::vector<unsigned long, autopas::AlignedAllocator<unsigned long, (unsigned long)64>>, std::vector<autopas::OwnershipState, autopas::AlignedAllocator<autopas::OwnershipState, (unsigned long)64>>>&, autopas::SoA<std::tuple<std::vector<mdLib::MoleculeLJ*, autopas::AlignedAllocator<mdLib::MoleculeLJ*, (unsigned long)64>>, std::vector<unsigned long, autopas::AlignedAllocator<unsigned long, (unsigned long)64>>, std::vector<double, autopas::AlignedAllocator<double, (unsigned long)64>>, std::vector<double, autopas::AlignedAllocator<double, (unsigned long)64>>, std::vector<double, autopas::AlignedAllocator<double, (unsigned long)64>>, std::vector<double, autopas::AlignedAllocator<double, (unsigned long)64>>, std::vector<double, autopas::AlignedAllocator<double, (unsigned long)64>>, std::vector<double, autopas::AlignedAllocator<double, (unsigned long)64>>, std::vector<double, autopas::AlignedAllocator<double, (unsigned long)64>>, std::vector<double, autopas::AlignedAllocator<double, (unsigned long)64>>, std::vector<double, autopas::AlignedAllocator<double, (unsigned long)64>>, std::vector<double, autopas::AlignedAllocator<double, (unsigned long)64>>, std::vector<double, autopas::AlignedAllocator<double, (unsigned long)64>>, std::vector<double, autopas::AlignedAllocator<double, (unsigned long)64>>, std::vector<unsigned long, autopas::AlignedAllocator<unsigned long, (unsigned long)64>>, std::vector<autopas::OwnershipState, autopas::AlignedAllocator<autopas::OwnershipState, (unsigned long)64>>>>::resizeArrays(unsigned long)::{lambda(std::tuple<std::vector<mdLib::MoleculeLJ*, autopas::AlignedAllocator<mdLib::MoleculeLJ*, (unsigned long)64>>, std::vector<unsigned long, autopas::AlignedAllocator<unsigned long, (unsigned long)64>>, std::vector<double, autopas::AlignedAllocator<double, (unsigned long)64>>, std::vector<double, autopas::AlignedAllocator<double, (unsigned long)64>>, std::vector<double, autopas::AlignedAllocator<double, (unsigned long)64>>, std::vector<double, autopas::AlignedAllocator<double, (unsigned long)64>>, std::vector<double, autopas::AlignedAllocator<double, (unsigned long)64>>, std::vector<double, autopas::AlignedAllocator<double, (unsigned long)64>>, std::vector<double, autopas::AlignedAllocator<double, (unsigned long)64>>, std::vector<double, autopas::AlignedAllocator<double, (unsigned long)64>>, std::vector<double, autopas::AlignedAllocator<double, (unsigned long)64>>, std::vector<double, autopas::AlignedAllocator<double, (unsigned long)64>>, std::vector<double, autopas::AlignedAllocator<double, (unsigned long)64>>, std::vector<double, autopas::AlignedAllocator<double, (unsigned long)64>>, std::vector<unsigned long, autopas::AlignedAllocator<unsigned long, (unsigned long)64>>, std::vector<autopas::OwnershipState, autopas::AlignedAllocator<autopas::OwnershipState, (unsigned long)64>>>&&)#1}&>(std::tuple<std::vector<mdLib::MoleculeLJ*, autopas::AlignedAllocator<mdLib::MoleculeLJ*, (unsigned long)64>>, std::vector<unsigned long, autopas::AlignedAllocator<unsigned long, (unsigned long)64>>, std::vector<double, autopas::AlignedAllocator<double, (unsigned long)64>>, std::vector<double, autopas::AlignedAllocator<double, (unsigned long)64>>, std::vector<double, autopas::AlignedAllocator<double, (unsigned long)64>>, std::vector<double, autopas::AlignedAllocator<double, (unsigned long)64>>, std::vector<double, autopas::AlignedAllocator<double, (unsigned long)64>>, std::vector<double, autopas::AlignedAllocator<double, (unsigned long)64>>, std::vector<double, autopas::AlignedAllocator<double, (unsigned long)64>>, std::vector<double, autopas::AlignedAllocator<double, (unsigned long)64>>, std::vector<double, autopas::AlignedAllocator<double, (unsigned long)64>>, std::vector<double, autopas::AlignedAllocator<double, (unsigned long)64>>, std::vector<double, autopas::AlignedAllocator<double, (unsigned long)64>>, std::vector<double, autopas::AlignedAllocator<double, (unsigned long)64>>, std::vector<unsigned long, autopas::AlignedAllocator<unsigned long, (unsigned long)64>>, std::vector<autopas::OwnershipState, autopas::AlignedAllocator<autopas::OwnershipState, (unsigned long)64>>>&&&, autopas::SoA<std::tuple<std::vector<mdLib::MoleculeLJ*, autopas::AlignedAllocator<mdLib::MoleculeLJ*, (unsigned long)64>>, std::vector<unsigned long, autopas::AlignedAllocator<unsigned long, (unsigned long)64>>, std::vector<double, autopas::AlignedAllocator<double, (unsigned long)64>>, std::vector<double, autopas::AlignedAllocator<double, (unsigned long)64>>, std::vector<double, autopas::AlignedAllocator<double, (unsigned long)64>>, std::vector<double, autopas::AlignedAllocator<double, (unsigned long)64>>, std::vector<double, autopas::AlignedAllocator<double, (unsigned long)64>>, std::vector<double, autopas::AlignedAllocator<double, (unsigned long)64>>, std::vector<double, autopas::AlignedAllocator<double, (unsigned long)64>>, std::vector<double, autopas::AlignedAllocator<double, (unsigned long)64>>, std::vector<double, autopas::AlignedAllocator<double, (unsigned long)64>>, std::vector<double, autopas::AlignedAllocator<double, (unsigned long)64>>, std::vector<double, autopas::AlignedAllocator<double, (unsigned long)64>>, std::vector<double, autopas::AlignedAllocator<double, (unsigned long)64>>, std::vector<unsigned long, autopas::AlignedAllocator<unsigned long, (unsigned long)64>>, std::vector<autopas::OwnershipState, autopas::AlignedAllocator<autopas::OwnershipState, (unsigned long)64>>>>::resizeArrays(unsigned long)::{lambda(std::tuple<std::vector<mdLib::MoleculeLJ*, autopas::AlignedAllocator<mdLib::MoleculeLJ*, (unsigned long)64>>, std::vector<unsigned long, autopas::AlignedAllocator<unsigned long, (unsigned long)64>>, std::vector<double, autopas::AlignedAllocator<double, (unsigned long)64>>, std::vector<double, autopas::AlignedAllocator<double, (unsigned long)64>>, std::vector<double, autopas::AlignedAllocator<double, (unsigned long)64>>, std::vector<double, autopas::AlignedAllocator<double, (unsigned long)64>>, std::vector<double, autopas::AlignedAllocator<double, (unsigned long)64>>, std::vector<double, autopas::AlignedAllocator<double, (unsigned long)64>>, std::vector<double, autopas::AlignedAllocator<double, (unsigned long)64>>, std::vector<double, autopas::AlignedAllocator<double, (unsigned long)64>>, std::vector<double, autopas::AlignedAllocator<double, (unsigned long)64>>, std::vector<double, autopas::AlignedAllocator<double, (unsigned long)64>>, std::vector<double, autopas::AlignedAllocator<double, (unsigned long)64>>, std::vector<double, autopas::AlignedAllocator<double, (unsigned long)64>>, std::vector<unsigned long, autopas::AlignedAllocator<unsigned long, (unsigned long)64>>, std::vector<autopas::OwnershipState, autopas::AlignedAllocator<autopas::OwnershipState, (unsigned long)64>>>&&)#1}&&&)::{lambda(std::tuple<std::vector<mdLib::MoleculeLJ*, autopas::AlignedAllocator<mdLib::MoleculeLJ*, (unsigned long)64>>, std::vector<unsigned long, autopas::AlignedAllocator<unsigned long, (unsigned long)64>>, std::vector<double, autopas::AlignedAllocator<double, (unsigned long)64>>, std::vector<double, autopas::AlignedAllocator<double, (unsigned long)64>>, std::vector<double, autopas::AlignedAllocator<double, (unsigned long)64>>, std::vector<double, autopas::AlignedAllocator<double, (unsigned long)64>>, std::vector<double, autopas::AlignedAllocator<double, (unsigned long)64>>, std::vector<double, autopas::AlignedAllocator<double, (unsigned long)64>>, std::vector<double, autopas::AlignedAllocator<double, (unsigned long)64>>, std::vector<double, autopas::AlignedAllocator<double, (unsigned long)64>>, std::vector<double, autopas::AlignedAllocator<double, (unsigned long)64>>, std::vector<double, autopas::AlignedAllocator<double, (unsigned long)64>>, std::vector<double, autopas::AlignedAllocator<double, (unsigned long)64>>, std::vector<double, autopas::AlignedAllocator<double, (unsigned long)64>>, std::vector<unsigned long, autopas::AlignedAllocator<unsigned long, (unsigned long)64>>, std::vector<autopas::OwnershipState, autopas::AlignedAllocator<autopas::OwnershipState, (unsigned long)64>>>&&)#1}::operator()<std::vector<mdLib::MoleculeLJ*, autopas::AlignedAllocator<mdLib::MoleculeLJ*, (unsigned long)64>>, std::vector<unsigned long, autopas::AlignedAllocator<unsigned long, (unsigned long)64>>, std::vector<double, autopas::AlignedAllocator<double, (unsigned long)64>>, std::vector<double, autopas::AlignedAllocator<double, (unsigned long)64>>, std::vector<double, autopas::AlignedAllocator<double, (unsigned long)64>>, std::vector<double, autopas::AlignedAllocator<double, (unsigned long)64>>, std::vector<double, autopas::AlignedAllocator<double, (unsigned long)64>>, std::vector<double, autopas::AlignedAllocator<double, (unsigned long)64>>, std::vector<double, autopas::AlignedAllocator<double, (unsigned long)64>>, std::vector<double, autopas::AlignedAllocator<double, (unsigned long)64>>, std::vector<double, autopas::AlignedAllocator<double, (unsigned long)64>>, std::vector<double, autopas::AlignedAllocator<double, (unsigned long)64>>, std::vector<double, autopas::AlignedAllocator<double, (unsigned long)64>>, std::vector<double, autopas::AlignedAllocator<double, (unsigned long)64>>, std::vector<unsigned long, autopas::AlignedAllocator<unsigned long, (unsigned long)64>>, std::vector<autopas::OwnershipState, autopas::AlignedAllocator<autopas::OwnershipState, (unsigned long)64>>>",0.0,0.0,0.0,0.0,0.0,0.0,0.0,0,4743170,0,0,0,0,0.0,md-flexible,"autopas::utils::TupleUtils::for_each<std::tuple<std::vector<mdLib::MoleculeLJ*, autopas::AlignedAllocator<mdLib::MoleculeLJ*, (unsigned long)64>>, std::vector<unsigned long, autopas::AlignedAllocator<unsigned long, (unsigned long)64>>, std::vector<double, autopas::AlignedAllocator<double, (unsigned long)64>>, std::vector<double, autopas::AlignedAllocator<double, (unsigned long)64>>, std::vector<double, autopas::AlignedAllocator<double, (unsigned long)64>>, std::vector<double, autopas::AlignedAllocator<double, (unsigned long)64>>, std::vector<double, autopas::AlignedAllocator<double, (unsigned long)64>>, std::vector<double, autopas::AlignedAllocator<double, (unsigned long)64>>, std::vector<double, autopas::AlignedAllocator<double, (unsigned long)64>>, std::vector<double, autopas::AlignedAllocator<double, (unsigned long)64>>, std::vector<double, autopas::AlignedAllocator<double, (unsigned long)64>>, std::vector<double, autopas::AlignedAllocator<double, (unsigned long)64>>, std::vector<double, autopas::AlignedAllocator<double, (unsigned long)64>>, std::vector<double, autopas::AlignedAllocator<double, (unsigned long)64>>, std::vector<unsigned long, autopas::AlignedAllocator<unsigned long, (unsigned long)64>>, std::vector<autopas::OwnershipState, autopas::AlignedAllocator<autopas::OwnershipState, (unsigned long)64>>>&, autopas::SoA<std::tuple<std::vector<mdLib::MoleculeLJ*, autopas::AlignedAllocator<mdLib::MoleculeLJ*, (unsigned long)64>>, std::vector<unsigned long, autopas::AlignedAllocator<unsigned long, (unsigned long)64>>, std::vector<double, autopas::AlignedAllocator<double, (unsigned long)64>>, std::vector<double, autopas::AlignedAllocator<double, (unsigned long)64>>, std::vector<double, autopas::AlignedAllocator<double, (unsigned long)64>>, std::vector<double, autopas::AlignedAllocator<double, (unsigned long)64>>, std::vector<double, autopas::AlignedAllocator<double, (unsigned long)64>>, std::vector<double, autopas::AlignedAllocator<double, (unsigned long)64>>, std::vector<double, autopas::AlignedAllocator<double, (unsigned long)64>>, std::vector<double, autopas::AlignedAllocator<double, (unsigned long)64>>, std::vector<double, autopas::AlignedAllocator<double, (unsigned long)64>>, std::vector<double, autopas::AlignedAllocator<double, (unsigned long)64>>, std::vector<double, autopas::AlignedAllocator<double, (unsigned long)64>>, std::vector<double, autopas::AlignedAllocator<double, (unsigned long)64>>, std::vector<unsigned long, autopas::AlignedAllocator<unsigned long, (unsigned long)64>>, std::vector<autopas::OwnershipState, autopas::AlignedAllocator<autopas::OwnershipState, (unsigned long)64>>>>::resizeArrays(unsigned long)::{lambda(std::tuple<std::vector<mdLib::MoleculeLJ*, autopas::AlignedAllocator<mdLib::MoleculeLJ*, (unsigned long)64>>, std::vector<unsigned long, autopas::AlignedAllocator<unsigned long, (unsigned long)64>>, std::vector<double, autopas::AlignedAllocator<double, (unsigned long)64>>, std::vector<double, autopas::AlignedAllocator<double, (unsigned long)64>>, std::vector<double, autopas::AlignedAllocator<double, (unsigned long)64>>, std::vector<double, autopas::AlignedAllocator<double, (unsigned long)64>>, std::vector<double, autopas::AlignedAllocator<double, (unsigned long)64>>, std::vector<double, autopas::AlignedAllocator<double, (unsigned long)64>>, std::vector<double, autopas::AlignedAllocator<double, (unsigned long)64>>, std::vector<double, autopas::AlignedAllocator<double, (unsigned long)64>>, std::vector<double, autopas::AlignedAllocator<double, (unsigned long)64>>, std::vector<double, autopas::AlignedAllocator<double, (unsigned long)64>>, std::vector<double, autopas::AlignedAllocator<double, (unsigned long)64>>, std::vector<double, autopas::AlignedAllocator<double, (unsigned long)64>>, std::vector<unsigned long, autopas::AlignedAllocator<unsigned long, (unsigned long)64>>, std::vector<autopas::OwnershipState, autopas::AlignedAllocator<autopas::OwnershipState, (unsigned long)64>>>&&)#1}&>(std::tuple<std::vector<mdLib::MoleculeLJ*, autopas::AlignedAllocator<mdLib::MoleculeLJ*, (unsigned long)64>>, std::vector<unsigned long, autopas::AlignedAllocator<unsigned long, (unsigned long)64>>, std::vector<double, autopas::AlignedAllocator<double, (unsigned long)64>>, std::vector<double, autopas::AlignedAllocator<double, (unsigned long)64>>, std::vector<double, autopas::AlignedAllocator<double, (unsigned long)64>>, std::vector<double, autopas::AlignedAllocator<double, (unsigned long)64>>, std::vector<double, autopas::AlignedAllocator<double, (unsigned long)64>>, std::vector<double, autopas::AlignedAllocator<double, (unsigned long)64>>, std::vector<double, autopas::AlignedAllocator<double, (unsigned long)64>>, std::vector<double, autopas::AlignedAllocator<double, (unsigned long)64>>, std::vector<double, autopas::AlignedAllocator<double, (unsigned long)64>>, std::vector<double, autopas::AlignedAllocator<double, (unsigned long)64>>, std::vector<double, autopas::AlignedAllocator<double, (unsigned long)64>>, std::vector<double, autopas::AlignedAllocator<double, (unsigned long)64>>, std::vector<unsigned long, autopas::AlignedAllocator<unsigned long, (unsigned long)64>>, std::vector<autopas::OwnershipState, autopas::AlignedAllocator<autopas::OwnershipState, (unsigned long)64>>>&&&, autopas::SoA<std::tuple<std::vector<mdLib::MoleculeLJ*, autopas::AlignedAllocator<mdLib::MoleculeLJ*, (unsigned long)64>>, std::vector<unsigned long, autopas::AlignedAllocator<unsigned long, (unsigned long)64>>, std::vector<double, autopas::AlignedAllocator<double, (unsigned long)64>>, std::vector<double, autopas::AlignedAllocator<double, (unsigned long)64>>, std::vector<double, autopas::AlignedAllocator<double, (unsigned long)64>>, std::vector<double, autopas::AlignedAllocator<double, (unsigned long)64>>, std::vector<double, autopas::AlignedAllocator<double, (unsigned long)64>>, std::vector<double, autopas::AlignedAllocator<double, (unsigned long)64>>, std::vector<double, autopas::AlignedAllocator<double, (unsigned long)64>>, std::vector<double, autopas::AlignedAllocator<double, (unsigned long)64>>, std::vector<double, autopas::AlignedAllocator<double, (unsigned long)64>>, std::vector<double, autopas::AlignedAllocator<double, (unsigned long)64>>, std::vector<double, autopas::AlignedAllocator<double, (unsigned long)64>>, std::vector<double, autopas::AlignedAllocator<double, (unsigned long)64>>, std::vector<unsigned long, autopas::AlignedAllocator<unsigned long, (unsigned long)64>>, std::vector<autopas::OwnershipState, autopas::AlignedAllocator<autopas::OwnershipState, (unsigned long)64>>>>::resizeArrays(unsigned long)::{lambda(std::tuple<std::vector<mdLib::MoleculeLJ*, autopas::AlignedAllocator<mdLib::MoleculeLJ*, (unsigned long)64>>, std::vector<unsigned long, autopas::AlignedAllocator<unsigned long, (unsigned long)64>>, std::vector<double, autopas::AlignedAllocator<double, (unsigned long)64>>, std::vector<double, autopas::AlignedAllocator<double, (unsigned long)64>>, std::vector<double, autopas::AlignedAllocator<double, (unsigned long)64>>, std::vector<double, autopas::AlignedAllocator<double, (unsigned long)64>>, std::vector<double, autopas::AlignedAllocator<double, (unsigned long)64>>, std::vector<double, autopas::AlignedAllocator<double, (unsigned long)64>>, std::vector<double, autopas::AlignedAllocator<double, (unsigned long)64>>, std::vector<double, autopas::AlignedAllocator<double, (unsigned long)64>>, std::vector<double, autopas::AlignedAllocator<double, (unsigned long)64>>, std::vector<double, autopas::AlignedAllocator<double, (unsigned long)64>>, std::vector<double, autopas::AlignedAllocator<double, (unsigned long)64>>, std::vector<double, autopas::AlignedAllocator<double, (unsigned long)64>>, std::vector<unsigned long, autopas::AlignedAllocator<unsigned long, (unsigned long)64>>, std::vector<autopas::OwnershipState, autopas::AlignedAllocator<autopas::OwnershipState, (unsigned long)64>>>&&)#1}&&&)::{lambda(std::tuple<std::vector<mdLib::MoleculeLJ*, autopas::AlignedAllocator<mdLib::MoleculeLJ*, (unsigned long)64>>, std::vector<unsigned long, autopas::AlignedAllocator<unsigned long, (unsigned long)64>>, std::vector<double, autopas::AlignedAllocator<double, (unsigned long)64>>, std::vector<double, autopas::AlignedAllocator<double, (unsigned long)64>>, std::vector<double, autopas::AlignedAllocator<double, (unsigned long)64>>, std::vector<double, autopas::AlignedAllocator<double, (unsigned long)64>>, std::vector<double, autopas::AlignedAllocator<double, (unsigned long)64>>, std::vector<double, autopas::AlignedAllocator<double, (unsigned long)64>>, std::vector<double, autopas::AlignedAllocator<double, (unsigned long)64>>, std::vector<double, autopas::AlignedAllocator<double, (unsigned long)64>>, std::vector<double, autopas::AlignedAllocator<double, (unsigned long)64>>, std::vector<double, autopas::AlignedAllocator<double, (unsigned long)64>>, std::vector<double, autopas::AlignedAllocator<double, (unsigned long)64>>, std::vector<double, autopas::AlignedAllocator<double, (unsigned long)64>>, std::vector<unsigned long, autopas::AlignedAllocator<unsigned long, (unsigned long)64>>, std::vector<autopas::OwnershipState, autopas::AlignedAllocator<autopas::OwnershipState, (unsigned long)64>>>&&)#1}::operator()<std::vector<mdLib::MoleculeLJ*, autopas::AlignedAllocator<mdLib::MoleculeLJ*, (unsigned long)64>>, std::vector<unsigned long, autopas::AlignedAllocator<unsigned long, (unsigned long)64>>, std::vector<double, autopas::AlignedAllocator<double, (unsigned long)64>>, std::vector<double, autopas::AlignedAllocator<double, (unsigned long)64>>, std::vector<double, autopas::AlignedAllocator<double, (unsigned long)64>>, std::vector<double, autopas::AlignedAllocator<double, (unsigned long)64>>, std::vector<double, autopas::AlignedAllocator<double, (unsigned long)64>>, std::vector<double, autopas::AlignedAllocator<double, (unsigned long)64>>, std::vector<double, autopas::AlignedAllocator<double, (unsigned long)64>>, std::vector<double, autopas::AlignedAllocator<double, (unsigned long)64>>, std::vector<double, autopas::AlignedAllocator<double, (unsigned long)64>>, std::vector<double, autopas::AlignedAllocator<double, (unsigned long)64>>, std::vector<double, autopas::AlignedAllocator<double, (unsigned long)64>>, std::vector<double, autopas::AlignedAllocator<double, (unsigned long)64>>, std::vector<unsigned long, autopas::AlignedAllocator<unsigned long, (unsigned long)64>>, std::vector<autopas::OwnershipState, autopas::AlignedAllocator<autopas::OwnershipState, (unsigned long)64>>>(signed char, std::tuple<std::vector<mdLib::MoleculeLJ*, autopas::AlignedAllocator<mdLib::MoleculeLJ*, (unsigned long)64>>, std::vector<unsigned long, autopas::AlignedAllocator<unsigned long, (unsigned long)64>>, std::vector<double, autopas::AlignedAllocator<double, (unsigned long)64>>, std::vector<double, autopas::AlignedAllocator<double, (unsigned long)64>>, std::vector<double, autopas::AlignedAllocator<double, (unsigned long)64>>, std::vector<double, autopas::AlignedAllocator<double, (unsigned long)64>>, std::vector<double, autopas::AlignedAllocator<double, (unsigned long)64>>, std::vector<double, autopas::AlignedAllocator<double, (unsigned long)64>>, std::vector<double, autopas::AlignedAllocator<double, (unsigned long)64>>, std::vector<double, autopas::AlignedAllocator<double, (unsigned long)64>>, std::vector<double, autopas::AlignedAllocator<double, (unsigned long)64>>, std::vector<double, autopas::AlignedAllocator<double, (unsigned long)64>>, std::vector<double, autopas::AlignedAllocator<double, (unsigned long)64>>, std::vector<double, autopas::AlignedAllocator<double, (unsigned long)64>>, std::vector<unsigned long, autopas::AlignedAllocator<unsigned long, (unsigned long)64>>, std::vector<autopas::OwnershipState, autopas::AlignedAllocator<autopas::OwnershipState, (unsigned long)64>>>&&) const",TupleUtils.h,0x54bd00
"autopas::utils::boxesOverlap<double>(std::array<double, (unsigned long)3> const&, std::array<double, (unsigned long)3> const&, std::array<double, (unsigned long)3> const&, std::array<double, (unsigned long)3> const&)::{lambda(unsigned long)#1}::operator()",0.0,0.0,0.0,0.0,0.0,0.0,0.0,0,0,0,0,0,0,9.000000,md-flexible,"autopas::utils::boxesOverlap<double>(std::array<double, (unsigned long)3> const&, std::array<double, (unsigned long)3> const&, std::array<double, (unsigned long)3> const&, std::array<double, (unsigned long)3> const&)::{lambda(unsigned long)#1}::operator()(unsigned long) const",inBox.h,0x5391c5
"autopas::utils::boxesOverlap<double>(std::array<double, (unsigned long)3> const&, std::array<double, (unsigned long)3> const&, std::array<double, (unsigned long)3> const&, std::array<double, (unsigned long)3> const&)::{lambda(unsigned long)#1}::operator()",0.0,0.0,0.0,0.0,0.0,0.0,0.0,4743170,0,0,0,0,0,0.0,md-flexible,"autopas::utils::boxesOverlap<double>(std::array<double, (unsigned long)3> const&, std::array<double, (unsigned long)3> const&, std::array<double, (unsigned long)3> const&, std::array<double, (unsigned long)3> const&)::{lambda(unsigned long)#1}::operator()(unsigned long) const",inBox.h,0x5391f3
"autopas::utils::boxesOverlap<double>(std::array<double, (unsigned long)3> const&, std::array<double, (unsigned long)3> const&, std::array<double, (unsigned long)3> const&, std::array<double, (unsigned long)3> const&)::{lambda(unsigned long)#1}::operator()",0.0,0.0,0.0,0.0,0.0,0.0,0.0,4743170,0,0,0,0,0,0.0,md-flexible,"autopas::utils::boxesOverlap<double>(std::array<double, (unsigned long)3> const&, std::array<double, (unsigned long)3> const&, std::array<double, (unsigned long)3> const&, std::array<double, (unsigned long)3> const&)::{lambda(unsigned long)#1}::operator()(unsigned long) const",inBox.h,0x53921b
autopas::utils::inBox<double>,0.0,0.0,0.0,,0.0,,0.0,9486340,0,0,0,0,0,22.000000,md-flexible,"autopas::utils::inBox<double>(std::array<double, (unsigned long)3> const&, std::array<double, (unsigned long)3> const&, std::array<double, (unsigned long)3> const&)",inBox.h,0x51cfe0
cfree,0.0,0.0,0.0,0.0,0.0,0.0,0.0,28459020,18972680,2372509,0,0,0,0.0,libc.so.6,cfree,[Unknown],0xb880e
func@0x408620,0.0,0.0,0.0,0.0,0.0,0.0,0.0,4743170,0,0,0,0,0,0.0,md-flexible,func@0x408620,[Unknown],0x408620
func@0x408740,0.0,0.0,0.0,0.0,0.0,0.0,0.0,0,0,0,0,0,0,7.000000,md-flexible,func@0x408740,[Unknown],0x408740
func@0x408750,0.0,,0.0,0.0,0.0,0.0,0.0,4743170,0,0,0,0,0,0.0,md-flexible,func@0x408750,[Unknown],0x408750
func@0xa4fd0,0.0,0.0,0.0,0.0,0.0,0.0,0.0,4743170,0,0,0,0,0,0.0,libstdc++.so.6.0.33,func@0xa4fd0,[Unknown],0xa4fd0
func@0xa5a00,0.0,0.0,0.0,0.0,0.0,0.0,0.0,4743170,0,0,0,0,0,0.0,libstdc++.so.6.0.33,func@0xa5a00,[Unknown],0xa5a00
gomp_iter_ull_dynamic_next,0.0,57.2,58.9,58.9,0.0,0.0,0.0,52174870,4743170,0,0,0,0,0.0,libgomp.so.1.0.0,gomp_iter_ull_dynamic_next,iter_ull.c,0x12970
malloc,0.0,0.0,0.0,0.0,0.0,0.0,58.9,0,28459020,0,0,0,0,0.0,libc.so.6,malloc,[Unknown],0xb811e
"mdLib::LJFunctorAVX<mdLib::MoleculeLJ, (bool)1, (bool)1, (autopas::FunctorN3Modes)2, (bool)0, (bool)0, (bool)1>::AoSFunctor",0.0,2.0,1.7,3.1,4.9,1.4,0.0,3358164360,1517814400,0,0,0,0,9.271318,md-flexible,"mdLib::LJFunctorAVX<mdLib::MoleculeLJ, (bool)1, (bool)1, (autopas::FunctorN3Modes)2, (bool)0, (bool)0, (bool)1>::AoSFunctor(mdLib::MoleculeLJ&, mdLib::MoleculeLJ&, bool)",LJFunctorAVX.h,0x43f7a0
mdLib::MoleculeLJ::getOldF,0.0,0.0,0.0,0.0,0.0,0.0,0.0,14229510,0,0,0,0,0,0.0,md-flexible,mdLib::MoleculeLJ::getOldF(void) const,MoleculeLJ.cpp,0x690e00
mdLib::MoleculeLJ::getTypeId,0.0,3.8,8.9,0.0,6.3,0.0,0.0,3201639750,0,0,0,0,0,10.960000,md-flexible,mdLib::MoleculeLJ::getTypeId(void) const,MoleculeLJ.cpp,0x690e30
mdLib::MoleculeLJ::setOldF,0.0,0.0,0.0,0.0,0.0,0.0,0.0,4743170,0,0,0,0,0,0.0,md-flexible,"mdLib::MoleculeLJ::setOldF(std::array<double, (unsigned long)3> const&)",MoleculeLJ.cpp,0x690e10
operator new,0.0,0.0,0.0,0.0,0.0,0.0,0.0,4743170,4743170,0,0,0,0,0.0,libstdc++.so.6.0.33,operator new(unsigned long),new_op.cc,0xa87ab
"std::_Hashtable<mdLib::MoleculeLJ*, std::pair<mdLib::MoleculeLJ* const, std::vector<mdLib::MoleculeLJ*, std::allocator<mdLib::MoleculeLJ*>>>, std::allocator<std::pair<mdLib::MoleculeLJ* const, std::vector<mdLib::MoleculeLJ*, std::allocator<mdLib::MoleculeLJ*>>>>, std::__detail::_Select1st, std::equal_to<mdLib::MoleculeLJ*>, std::hash<mdLib::MoleculeLJ*>, std::__detail::_Mod_range_hashing, std::__detail::_Default_ranged_hash, std::__detail::_Prime_rehash_policy, std::__detail::_Hashtable_traits<(bool)0, (bool)0, (bool)1>>::_M_insert_unique_node",0.0,0.0,0.0,0.0,0.0,0.0,0.0,4743170,0,0,0,0,0,0.0,md-flexible,"std::_Hashtable<mdLib::MoleculeLJ*, std::pair<mdLib::MoleculeLJ* const, std::vector<mdLib::MoleculeLJ*, std::allocator<mdLib::MoleculeLJ*>>>, std::allocator<std::pair<mdLib::MoleculeLJ* const, std::vector<mdLib::MoleculeLJ*, std::allocator<mdLib::MoleculeLJ*>>>>, std::__detail::_Select1st, std::equal_to<mdLib::MoleculeLJ*>, std::hash<mdLib::MoleculeLJ*>, std::__detail::_Mod_range_hashing, std::__detail::_Default_ranged_hash, std::__detail::_Prime_rehash_policy, std::__detail::_Hashtable_traits<(bool)0, (bool)0, (bool)1>>::_M_insert_unique_node(unsigned long, unsigned long, std::__detail::_Hash_node<std::pair<mdLib::MoleculeLJ* const, std::vector<mdLib::MoleculeLJ*, std::allocator<mdLib::MoleculeLJ*>>>, (bool)0>*, unsigned long)",hashtable.h,0x541240
std::__detail::_Hash_node_base::_Hash_node_base,0.0,0.0,0.0,0.0,0.0,0.0,0.0,0,4743170,0,0,0,0,0.0,md-flexible,std::__detail::_Hash_node_base::_Hash_node_base(void),hashtable_policy.h,0x501e7d
"std::__invoke<autopas::utils::TupleUtils::for_each<std::tuple<std::vector<mdLib::MoleculeLJ*, autopas::AlignedAllocator<mdLib::MoleculeLJ*, (unsigned long)64>>, std::vector<unsigned long, autopas::AlignedAllocator<unsigned long, (unsigned long)64>>, std::vector<double, autopas::AlignedAllocator<double, (unsigned long)64>>, std::vector<double, autopas::AlignedAllocator<double, (unsigned long)64>>, std::vector<double, autopas::AlignedAllocator<double, (unsigned long)64>>, std::vector<double, autopas::AlignedAllocator<double, (unsigned long)64>>, std::vector<double, autopas::AlignedAllocator<double, (unsigned long)64>>, std::vector<double, autopas::AlignedAllocator<double, (unsigned long)64>>, std::vector<double, autopas::AlignedAllocator<double, (unsigned long)64>>, std::vector<double, autopas::AlignedAllocator<double, (unsigned long)64>>, std::vector<double, autopas::AlignedAllocator<double, (unsigned long)64>>, std::vector<double, autopas::AlignedAllocator<double, (unsigned long)64>>, std::vector<double, autopas::AlignedAllocator<double, (unsigned long)64>>, std::vector<double, autopas::AlignedAllocator<double, (unsigned long)64>>, std::vector<unsigned long, autopas::AlignedAllocator<unsigned long, (unsigned long)64>>, std::vector<autopas::OwnershipState, autopas::AlignedAllocator<autopas::OwnershipState, (unsigned long)64>>> const&, autopas::SoA<std::tuple<std::vector<mdLib::MoleculeLJ*, autopas::AlignedAllocator<mdLib::MoleculeLJ*, (unsigned long)64>>, std::vector<unsigned long, autopas::AlignedAllocator<unsigned long, (unsigned long)64>>, std::vector<double, autopas::AlignedAllocator<double, (unsigned long)64>>, std::vector<double, autopas::AlignedAllocator<double, (unsigned long)64>>, std::vector<double, autopas::AlignedAllocator<double, (unsigned long)64>>, std::vector<double, autopas::AlignedAllocator<double, (unsigned long)64>>, std::vector<double, autopas::AlignedAllocator<double, (unsigned long)64>>, std::vector<double, autopas::AlignedAllocator<double, (unsigned long)64>>, std::vector<double, autopas::AlignedAllocator<double, (unsigned long)64>>, std::vector<double, autopas::AlignedAllocator<double, (unsigned long)64>>, std::vector<double, autopas::AlignedAllocator<double, (unsigned long)64>>, std::vector<double, autopas::AlignedAllocator<double, (unsigned long)64>>, std::vector<double, autopas::AlignedAllocator<double, (unsigned long)64>>, std::vector<double, autopas::AlignedAllocator<double, (unsigned long)64>>, std::vector<unsigned long, autopas::AlignedAllocator<unsigned long, (unsigned long)64>>, std::vector<autopas::OwnershipState, autopas::AlignedAllocator<autopas::OwnershipState, (unsigned long)64>>>>::size(void) const::{lambda(std::tuple<std::vector<mdLib::MoleculeLJ*, autopas::AlignedAllocator<mdLib::MoleculeLJ*, (unsigned long)64>>, std::vector<unsigned long, autopas::AlignedAllocator<unsigned long, (unsigned long)64>>, std::vector<double, autopas::AlignedAllocator<double, (unsigned long)64>>, std::vector<double, autopas::AlignedAllocator<double, (unsigned long)64>>, std::vector<double, autopas::AlignedAllocator<double, (unsigned long)64>>, std::vector<double, autopas::AlignedAllocator<double, (unsigned long)64>>, std::vector<double, autopas::AlignedAllocator<double, (unsigned long)64>>, std::vector<double, autopas::AlignedAllocator<double, (unsigned long)64>>, std::vector<double, autopas::AlignedAllocator<double, (unsigned long)64>>, std::vector<double, autopas::AlignedAllocator<double, (unsigned long)64>>, std::vector<double, autopas::AlignedAllocator<double, (unsigned long)64>>, std::vector<double, autopas::AlignedAllocator<double, (unsigned long)64>>, std::vector<double, autopas::AlignedAllocator<double, (unsigned long)64>>, std::vector<double, autopas::AlignedAllocator<double, (unsigned long)64>>, std::vector<unsigned long, autopas::AlignedAllocator<unsigned long, (unsigned long)64>>, std::vector<autopas::OwnershipState, autopas::AlignedAllocator<autopas::OwnershipState, (unsigned long)64>>> const&&)#1}>(void, std::tuple<std::vector<mdLib::MoleculeLJ*, autopas::AlignedAllocator<mdLib::MoleculeLJ*, (unsigned long)64>>, std::vector<unsigned long, autopas::AlignedAllocator<unsigned long, (unsigned long)64>>, std::vector<double, autopas::AlignedAllocator<double, (unsigned long)64>>, std::vector<double, autopas::AlignedAllocator<double, (unsigned long)64>>, std::vector<double, autopas::AlignedAllocator<double, (unsigned long)64>>, std::vector<double, autopas::AlignedAllocator<double, (unsigned long)64>>, std::vector<double, autopas::AlignedAllocator<double, (unsigned long)64>>, std::vector<double, autopas::AlignedAllocator<double, (unsigned long)64>>, std::vector<double, autopas::AlignedAllocator<double, (unsigned long)64>>, std::vector<double, autopas::AlignedAllocator<double, (unsigned long)64>>, std::vector<double, autopas::AlignedAllocator<double, (unsigned long)64>>, std::vector<double, autopas::AlignedAllocator<double, (unsigned long)64>>, std::vector<double, autopas::AlignedAllocator<double, (unsigned long)64>>, std::vector<double, autopas::AlignedAllocator<double, (unsigned long)64>>, std::vector<unsigned long, autopas::AlignedAllocator<unsigned long, (unsigned long)64>>, std::vector<autopas::OwnershipState, autopas::AlignedAllocator<autopas::OwnershipState, (unsigned long)64>>> const&&&, autopas::SoA<std::tuple<std::vector<mdLib::MoleculeLJ*, autopas::AlignedAllocator<mdLib::MoleculeLJ*, (unsigned long)64>>, std::vector<unsigned long, autopas::AlignedAllocator<unsigned long, (unsigned long)64>>, std::vector<double, autopas::AlignedAllocator<double, (unsigned long)64>>, std::vector<double, autopas::AlignedAllocator<double, (unsigned long)64>>, std::vector<double, autopas::AlignedAllocator<double, (unsigned long)64>>, std::vector<double, autopas::AlignedAllocator<double, (unsigned long)64>>, std::vector<double, autopas::AlignedAllocator<double, (unsigned long)64>>, std::vector<double, autopas::AlignedAllocator<double, (unsigned long)64>>, std::vector<double, autopas::AlignedAllocator<double, (unsigned long)64>>, std::vector<double, autopas::AlignedAllocator<double, (unsigned long)64>>, std::vector<double, autopas::AlignedAllocator<double, (unsigned long)64>>, std::vector<double, autopas::AlignedAllocator<double, (unsigned long)64>>, std::vector<double, autopas::AlignedAllocator<double, (unsigned long)64>>, std::vector<double, autopas::AlignedAllocator<double, (unsigned long)64>>, std::vector<unsigned long, autopas::AlignedAllocator<unsigned long, (unsigned long)64>>, std::vector<autopas::OwnershipState, autopas::AlignedAllocator<autopas::OwnershipState, (unsigned long)64>>>>::size(void) const::{lambda(std::tuple<std::vector<mdLib::MoleculeLJ*, autopas::AlignedAllocator<mdLib::MoleculeLJ*, (unsigned long)64>>, std::vector<unsigned long, autopas::AlignedAllocator<unsigned long, (unsigned long)64>>, std::vector<double, autopas::AlignedAllocator<double, (unsigned long)64>>, std::vector<double, autopas::AlignedAllocator<double, (unsigned long)64>>, std::vector<double, autopas::AlignedAllocator<double, (unsigned long)64>>, std::vector<double, autopas::AlignedAllocator<double, (unsigned long)64>>, std::vector<double, autopas::AlignedAllocator<double, (unsigned long)64>>, std::vector<double, autopas::AlignedAllocator<double, (unsigned long)64>>, std::vector<double, autopas::AlignedAllocator<double, (unsigned long)64>>, std::vector<double, autopas::AlignedAllocator<double, (unsigned long)64>>, std::vector<double, autopas::AlignedAllocator<double, (unsigned long)64>>, std::vector<double, autopas::AlignedAllocator<double, (unsigned long)64>>, std::vector<double, autopas::AlignedAllocator<double, (unsigned long)64>>, std::vector<double, autopas::AlignedAllocator<double, (unsigned long)64>>, std::vector<unsigned long, autopas::AlignedAllocator<unsigned long, (unsigned long)64>>, std::vector<autopas::OwnershipState, autopas::AlignedAllocator<autopas::OwnershipState, (unsigned long)64>>> const&&)#1}&&)::{lambda(std::tuple<std::vector<mdLib::MoleculeLJ*, autopas::AlignedAllocator<mdLib::MoleculeLJ*, (unsigned long)64>>, std::vector<unsigned long, autopas::AlignedAllocator<unsigned long, (unsigned long)64>>, std::vector<double, autopas::AlignedAllocator<double, (unsigned long)64>>, std::vector<double, autopas::AlignedAllocator<double, (unsigned long)64>>, std::vector<double, autopas::AlignedAllocator<double, (unsigned long)64>>, std::vector<double, autopas::AlignedAllocator<double, (unsigned long)64>>, std::vector<double, autopas::AlignedAllocator<double, (unsigned long)64>>, std::vector<double, autopas::AlignedAllocator<double, (unsigned long)64>>, std::vector<double, autopas::AlignedAllocator<double, (unsigned long)64>>, std::vector<double, autopas::AlignedAllocator<double, (unsigned long)64>>, std::vector<double, autopas::AlignedAllocator<double, (unsigned long)64>>, std::vector<double, autopas::AlignedAllocator<double, (unsigned long)64>>, std::vector<double, autopas::AlignedAllocator<double, (unsigned long)64>>, std::vector<double, autopas::AlignedAllocator<double, (unsigned long)64>>, std::vector<unsigned long, autopas::AlignedAllocator<unsigned long, (unsigned long)64>>, std::vector<autopas::OwnershipState, autopas::AlignedAllocator<autopas::OwnershipState, (unsigned long)64>>> const&&)#1}, std::vector<mdLib::MoleculeLJ*, autopas::AlignedAllocator<mdLib::MoleculeLJ*, (unsigned long)64>> const&, std::vector<unsigned long, autopas::AlignedAllocator<unsigned long, (unsigned long)64>> const&, std::vector<double, autopas::AlignedAllocator<double, (unsigned long)64>> const&, std::vector<double, autopas::AlignedAllocator<double, (unsigned long)64>> const&, std::vector<double, autopas::AlignedAllocator<double, (unsigned long)64>> const&, std::vector<double, autopas::AlignedAllocator<double, (unsigned long)64>> const&, std::vector<double, autopas::AlignedAllocator<double, (unsigned long)64>> const&, std::vector<double, autopas::AlignedAllocator<double, (unsigned long)64>> const&, std::vector<double, autopas::AlignedAllocator<double, (unsigned long)64>> const&, std::vector<double, autopas::AlignedAllocator<double, (unsigned long)64>> const&, std::vector<double, autopas::AlignedAllocator<double, (unsigned long)64>> const&, std::vector<double, autopas::AlignedAllocator<double, (unsigned long)64>> const&, std::vector<double, autopas::AlignedAllocator<double, (unsigned long)64>> const&, std::vector<double, autopas::AlignedAllocator<double, (unsigned long)64>> const&, std::vector<unsigned long, autopas::AlignedAllocator<unsigned long, (unsigned long)64>> const&, std::vector<autopas::OwnershipState, autopas::AlignedAllocator<autopas::OwnershipState, (unsigned long)64>> const&>",0.0,0.0,100.0,0.0,0.0,0.0,0.0,0,0,0,0,0,0,0.0,md-flexible,"std::__invoke<autopas::utils::TupleUtils::for_each<std::tuple<std::vector<mdLib::MoleculeLJ*, autopas::AlignedAllocator<mdLib::MoleculeLJ*, (unsigned long)64>>, std::vector<unsigned long, autopas::AlignedAllocator<unsigned long, (unsigned long)64>>, std::vector<double, autopas::AlignedAllocator<double, (unsigned long)64>>, std::vector<double, autopas::AlignedAllocator<double, (unsigned long)64>>, std::vector<double, autopas::AlignedAllocator<double, (unsigned long)64>>, std::vector<double, autopas::AlignedAllocator<double, (unsigned long)64>>, std::vector<double, autopas::AlignedAllocator<double, (unsigned long)64>>, std::vector<double, autopas::AlignedAllocator<double, (unsigned long)64>>, std::vector<double, autopas::AlignedAllocator<double, (unsigned long)64>>, std::vector<double, autopas::AlignedAllocator<double, (unsigned long)64>>, std::vector<double, autopas::AlignedAllocator<double, (unsigned long)64>>, std::vector<double, autopas::AlignedAllocator<double, (unsigned long)64>>, std::vector<double, autopas::AlignedAllocator<double, (unsigned long)64>>, std::vector<double, autopas::AlignedAllocator<double, (unsigned long)64>>, std::vector<unsigned long, autopas::AlignedAllocator<unsigned long, (unsigned long)64>>, std::vector<autopas::OwnershipState, autopas::AlignedAllocator<autopas::OwnershipState, (unsigned long)64>>> const&, autopas::SoA<std::tuple<std::vector<mdLib::MoleculeLJ*, autopas::AlignedAllocator<mdLib::MoleculeLJ*, (unsigned long)64>>, std::vector<unsigned long, autopas::AlignedAllocator<unsigned long, (unsigned long)64>>, std::vector<double, autopas::AlignedAllocator<double, (unsigned long)64>>, std::vector<double, autopas::AlignedAllocator<double, (unsigned long)64>>, std::vector<double, autopas::AlignedAllocator<double, (unsigned long)64>>, std::vector<double, autopas::AlignedAllocator<double, (unsigned long)64>>, std::vector<double, autopas::AlignedAllocator<double, (unsigned long)64>>, std::vector<double, autopas::AlignedAllocator<double, (unsigned long)64>>, std::vector<double, autopas::AlignedAllocator<double, (unsigned long)64>>, std::vector<double, autopas::AlignedAllocator<double, (unsigned long)64>>, std::vector<double, autopas::AlignedAllocator<double, (unsigned long)64>>, std::vector<double, autopas::AlignedAllocator<double, (unsigned long)64>>, std::vector<double, autopas::AlignedAllocator<double, (unsigned long)64>>, std::vector<double, autopas::AlignedAllocator<double, (unsigned long)64>>, std::vector<unsigned long, autopas::AlignedAllocator<unsigned long, (unsigned long)64>>, std::vector<autopas::OwnershipState, autopas::AlignedAllocator<autopas::OwnershipState, (unsigned long)64>>>>::size(void) const::{lambda(std::tuple<std::vector<mdLib::MoleculeLJ*, autopas::AlignedAllocator<mdLib::MoleculeLJ*, (unsigned long)64>>, std::vector<unsigned long, autopas::AlignedAllocator<unsigned long, (unsigned long)64>>, std::vector<double, autopas::AlignedAllocator<double, (unsigned long)64>>, std::vector<double, autopas::AlignedAllocator<double, (unsigned long)64>>, std::vector<double, autopas::AlignedAllocator<double, (unsigned long)64>>, std::vector<double, autopas::AlignedAllocator<double, (unsigned long)64>>, std::vector<double, autopas::AlignedAllocator<double, (unsigned long)64>>, std::vector<double, autopas::AlignedAllocator<double, (unsigned long)64>>, std::vector<double, autopas::AlignedAllocator<double, (unsigned long)64>>, std::vector<double, autopas::AlignedAllocator<double, (unsigned long)64>>, std::vector<double, autopas::AlignedAllocator<double, (unsigned long)64>>, std::vector<double, autopas::AlignedAllocator<double, (unsigned long)64>>, std::vector<double, autopas::AlignedAllocator<double, (unsigned long)64>>, std::vector<double, autopas::AlignedAllocator<double, (unsigned long)64>>, std::vector<unsigned long, autopas::AlignedAllocator<unsigned long, (unsigned long)64>>, std::vector<autopas::OwnershipState, autopas::AlignedAllocator<autopas::OwnershipState, (unsigned long)64>>> const&&)#1}>(void, std::tuple<std::vector<mdLib::MoleculeLJ*, autopas::AlignedAllocator<mdLib::MoleculeLJ*, (unsigned long)64>>, std::vector<unsigned long, autopas::AlignedAllocator<unsigned long, (unsigned long)64>>, std::vector<double, autopas::AlignedAllocator<double, (unsigned long)64>>, std::vector<double, autopas::AlignedAllocator<double, (unsigned long)64>>, std::vector<double, autopas::AlignedAllocator<double, (unsigned long)64>>, std::vector<double, autopas::AlignedAllocator<double, (unsigned long)64>>, std::vector<double, autopas::AlignedAllocator<double, (unsigned long)64>>, std::vector<double, autopas::AlignedAllocator<double, (unsigned long)64>>, std::vector<double, autopas::AlignedAllocator<double, (unsigned long)64>>, std::vector<double, autopas::AlignedAllocator<double, (unsigned long)64>>, std::vector<double, autopas::AlignedAllocator<double, (unsigned long)64>>, std::vector<double, autopas::AlignedAllocator<double, (unsigned long)64>>, std::vector<double, autopas::AlignedAllocator<double, (unsigned long)64>>, std::vector<double, autopas::AlignedAllocator<double, (unsigned long)64>>, std::vector<unsigned long, autopas::AlignedAllocator<unsigned long, (unsigned long)64>>, std::vector<autopas::OwnershipState, autopas::AlignedAllocator<autopas::OwnershipState, (unsigned long)64>>> const&&&, autopas::SoA<std::tuple<std::vector<mdLib::MoleculeLJ*, autopas::AlignedAllocator<mdLib::MoleculeLJ*, (unsigned long)64>>, std::vector<unsigned long, autopas::AlignedAllocator<unsigned long, (unsigned long)64>>, std::vector<double, autopas::AlignedAllocator<double, (unsigned long)64>>, std::vector<double, autopas::AlignedAllocator<double, (unsigned long)64>>, std::vector<double, autopas::AlignedAllocator<double, (unsigned long)64>>, std::vector<double, autopas::AlignedAllocator<double, (unsigned long)64>>, std::vector<double, autopas::AlignedAllocator<double, (unsigned long)64>>, std::vector<double, autopas::AlignedAllocator<double, (unsigned long)64>>, std::vector<double, autopas::AlignedAllocator<double, (unsigned long)64>>, std::vector<double, autopas::AlignedAllocator<double, (unsigned long)64>>, std::vector<double, autopas::AlignedAllocator<double, (unsigned long)64>>, std::vector<double, autopas::AlignedAllocator<double, (unsigned long)64>>, std::vector<double, autopas::AlignedAllocator<double, (unsigned long)64>>, std::vector<double, autopas::AlignedAllocator<double, (unsigned long)64>>, std::vector<unsigned long, autopas::AlignedAllocator<unsigned long, (unsigned long)64>>, std::vector<autopas::OwnershipState, autopas::AlignedAllocator<autopas::OwnershipState, (unsigned long)64>>>>::size(void) const::{lambda(std::tuple<std::vector<mdLib::MoleculeLJ*, autopas::AlignedAllocator<mdLib::MoleculeLJ*, (unsigned long)64>>, std::vector<unsigned long, autopas::AlignedAllocator<unsigned long, (unsigned long)64>>, std::vector<double, autopas::AlignedAllocator<double, (unsigned long)64>>, std::vector<double, autopas::AlignedAllocator<double, (unsigned long)64>>, std::vector<double, autopas::AlignedAllocator<double, (unsigned long)64>>, std::vector<double, autopas::AlignedAllocator<double, (unsigned long)64>>, std::vector<double, autopas::AlignedAllocator<double, (unsigned long)64>>, std::vector<double, autopas::AlignedAllocator<double, (unsigned long)64>>, std::vector<double, autopas::AlignedAllocator<double, (unsigned long)64>>, std::vector<double, autopas::AlignedAllocator<double, (unsigned long)64>>, std::vector<double, autopas::AlignedAllocator<double, (unsigned long)64>>, std::vector<double, autopas::AlignedAllocator<double, (unsigned long)64>>, std::vector<double, autopas::AlignedAllocator<double, (unsigned long)64>>, std::vector<double, autopas::AlignedAllocator<double, (unsigned long)64>>, std::vector<unsigned long, autopas::AlignedAllocator<unsigned long, (unsigned long)64>>, std::vector<autopas::OwnershipState, autopas::AlignedAllocator<autopas::OwnershipState, (unsigned long)64>>> const&&)#1}&&)::{lambda(std::tuple<std::vector<mdLib::MoleculeLJ*, autopas::AlignedAllocator<mdLib::MoleculeLJ*, (unsigned long)64>>, std::vector<unsigned long, autopas::AlignedAllocator<unsigned long, (unsigned long)64>>, std::vector<double, autopas::AlignedAllocator<double, (unsigned long)64>>, std::vector<double, autopas::AlignedAllocator<double, (unsigned long)64>>, std::vector<double, autopas::AlignedAllocator<double, (unsigned long)64>>, std::vector<double, autopas::AlignedAllocator<double, (unsigned long)64>>, std::vector<double, autopas::AlignedAllocator<double, (unsigned long)64>>, std::vector<double, autopas::AlignedAllocator<double, (unsigned long)64>>, std::vector<double, autopas::AlignedAllocator<double, (unsigned long)64>>, std::vector<double, autopas::AlignedAllocator<double, (unsigned long)64>>, std::vector<double, autopas::AlignedAllocator<double, (unsigned long)64>>, std::vector<double, autopas::AlignedAllocator<double, (unsigned long)64>>, std::vector<double, autopas::AlignedAllocator<double, (unsigned long)64>>, std::vector<double, autopas::AlignedAllocator<double, (unsigned long)64>>, std::vector<unsigned long, autopas::AlignedAllocator<unsigned long, (unsigned long)64>>, std::vector<autopas::OwnershipState, autopas::AlignedAllocator<autopas::OwnershipState, (unsigned long)64>>> const&&)#1}, std::vector<mdLib::MoleculeLJ*, autopas::AlignedAllocator<mdLib::MoleculeLJ*, (unsigned long)64>> const&, std::vector<unsigned long, autopas::AlignedAllocator<unsigned long, (unsigned long)64>> const&, std::vector<double, autopas::AlignedAllocator<double, (unsigned long)64>> const&, std::vector<double, autopas::AlignedAllocator<double, (unsigned long)64>> const&, std::vector<double, autopas::AlignedAllocator<double, (unsigned long)64>> const&, std::vector<double, autopas::AlignedAllocator<double, (unsigned long)64>> const&, std::vector<double, autopas::AlignedAllocator<double, (unsigned long)64>> const&, std::vector<double, autopas::AlignedAllocator<double, (unsigned long)64>> const&, std::vector<double, autopas::AlignedAllocator<double, (unsigned long)64>> const&, std::vector<double, autopas::AlignedAllocator<double, (unsigned long)64>> const&, std::vector<double, autopas::AlignedAllocator<double, (unsigned long)64>> const&, std::vector<double, autopas::AlignedAllocator<double, (unsigned long)64>> const&, std::vector<double, autopas::AlignedAllocator<double, (unsigned long)64>> const&, std::vector<double, autopas::AlignedAllocator<double, (unsigned long)64>> const&, std::vector<unsigned long, autopas::AlignedAllocator<unsigned long, (unsigned long)64>> const&, std::vector<autopas::OwnershipState, autopas::AlignedAllocator<autopas::OwnershipState, (unsigned long)64>> const&>(std::tuple<std::vector<mdLib::MoleculeLJ*, autopas::AlignedAllocator<mdLib::MoleculeLJ*, (unsigned long)64>>, std::vector<unsigned long, autopas::AlignedAllocator<unsigned long, (unsigned long)64>>, std::vector<double, autopas::AlignedAllocator<double, (unsigned long)64>>, std::vector<double, autopas::AlignedAllocator<double, (unsigned long)64>>, std::vector<double, autopas::AlignedAllocator<double, (unsigned long)64>>, std::vector<double, autopas::AlignedAllocator<double, (unsigned long)64>>, std::vector<double, autopas::AlignedAllocator<double, (unsigned long)64>>, std::vector<double, autopas::AlignedAllocator<double, (unsigned long)64>>, std::vector<double, autopas::AlignedAllocator<double, (unsigned long)64>>, std::vector<double, autopas::AlignedAllocator<double, (unsigned long)64>>, std::vector<double, autopas::AlignedAllocator<double, (unsigned long)64>>, std::vector<double, autopas::AlignedAllocator<double, (unsigned long)64>>, std::vector<double, autopas::AlignedAllocator<double, (unsigned long)64>>, std::vector<double, autopas::AlignedAllocator<double, (unsigned long)64>>, std::vector<unsigned long, autopas::AlignedAllocator<unsigned long, (unsigned long)64>>, std::vector<autopas::OwnershipState, autopas::AlignedAllocator<autopas::OwnershipState, (unsigned long)64>>> const&&&, std::vector<mdLib::MoleculeLJ*, autopas::AlignedAllocator<mdLib::MoleculeLJ*, (unsigned long)64>> const&&&)",invoke.h,0x54b410
"std::tuple<mdLib::MoleculeLJ const*, unsigned long, unsigned long>::tuple<mdLib::MoleculeLJ const*&, unsigned long&, unsigned long&>",0.0,0.0,0.0,0.0,0.0,0.0,0.0,0,4743170,0,0,0,0,0.0,md-flexible,"std::tuple<mdLib::MoleculeLJ const*, unsigned long, unsigned long>::tuple<mdLib::MoleculeLJ const*&, unsigned long&, unsigned long&>(mdLib::MoleculeLJ const*&&&)",tuple,0x50e40f
"std::tuple<unsigned long, unsigned long>::tuple<unsigned long, unsigned long>",0.0,0.0,0.0,0.0,0.0,0.0,0.0,0,4743170,0,0,0,0,0.0,md-flexible,"std::tuple<unsigned long, unsigned long>::tuple<unsigned long, unsigned long>(unsigned long&&)",tuple,0x50e35b
"std::unordered_map<mdLib::MoleculeLJ*, std::vector<mdLib::MoleculeLJ*, std::allocator<mdLib::MoleculeLJ*>>, std::hash<mdLib::MoleculeLJ*>, std::equal_to<mdLib::MoleculeLJ*>, std::allocator<std::pair<mdLib::MoleculeLJ* const, std::vector<mdLib::MoleculeLJ*, std::allocator<mdLib::MoleculeLJ*>>>>>::at",0.0,0.0,0.0,0.0,0.0,0.0,0.0,0,0,0,0,0,0,7.000000,md-flexible,"std::unordered_map<mdLib::MoleculeLJ*, std::vector<mdLib::MoleculeLJ*, std::allocator<mdLib::MoleculeLJ*>>, std::hash<mdLib::MoleculeLJ*>, std::equal_to<mdLib::MoleculeLJ*>, std::allocator<std::pair<mdLib::MoleculeLJ* const, std::vector<mdLib::MoleculeLJ*, std::allocator<mdLib::MoleculeLJ*>>>>>::at(mdLib::MoleculeLJ* const&)",unordered_map.h,0x5099da
"std::unordered_map<mdLib::MoleculeLJ*, std::vector<mdLib::MoleculeLJ*, std::allocator<mdLib::MoleculeLJ*>>, std::hash<mdLib::MoleculeLJ*>, std::equal_to<mdLib::MoleculeLJ*>, std::allocator<std::pair<mdLib::MoleculeLJ* const, std::vector<mdLib::MoleculeLJ*, std::allocator<mdLib::MoleculeLJ*>>>>>::at",0.0,0.0,0.0,0.0,0.0,0.0,0.0,4743170,0,0,0,0,0,0.0,md-flexible,"std::unordered_map<mdLib::MoleculeLJ*, std::vector<mdLib::MoleculeLJ*, std::allocator<mdLib::MoleculeLJ*>>, std::hash<mdLib::MoleculeLJ*>, std::equal_to<mdLib::MoleculeLJ*>, std::allocator<std::pair<mdLib::MoleculeLJ* const, std::vector<mdLib::MoleculeLJ*, std::allocator<mdLib::MoleculeLJ*>>>>>::at(mdLib::MoleculeLJ* const&)",unordered_map.h,0x509fab
"std::vector<ParticlePropertiesLibrary<double, unsigned long>::PackedLJMixingData, autopas::AlignedAllocator<ParticlePropertiesLibrary<double, unsigned long>::PackedLJMixingData, (unsigned long)64>>::operator[]",0.0,0.0,0.0,0.0,17.2,0.0,0.0,0,0,0,0,0,0,0.0,md-flexible,"std::vector<ParticlePropertiesLibrary<double, unsigned long>::PackedLJMixingData, autopas::AlignedAllocator<ParticlePropertiesLibrary<double, unsigned long>::PackedLJMixingData, (unsigned long)64>>::operator[](unsigned long) const",stl_vector.h,0x43f837
"std::vector<double, autopas::AlignedAllocator<double, (unsigned long)64>>::resize",0.0,0.0,0.0,0.0,0.0,0.0,0.0,4743170,4743170,0,0,0,0,0.0,md-flexible,"std::vector<double, autopas::AlignedAllocator<double, (unsigned long)64>>::resize(unsigned long)",stl_vector.h,0x54bb40
"std::vector<mdLib::MoleculeLJ*, autopas::AlignedAllocator<mdLib::MoleculeLJ*, (unsigned long)64>>::data",0.0,0.0,0.0,0.0,0.0,0.0,0.0,0,9486340,0,0,0,0,0.0,md-flexible,"std::vector<mdLib::MoleculeLJ*, autopas::AlignedAllocator<mdLib::MoleculeLJ*, (unsigned long)64>>::data(void)",stl_vector.h,0x50995b
"std::vector<mdLib::MoleculeLJ*, autopas::AlignedAllocator<mdLib::MoleculeLJ*, (unsigned long)64>>::data",0.0,0.0,0.0,0.0,0.0,0.0,0.0,0,4743170,0,0,0,0,0.0,md-flexible,"std::vector<mdLib::MoleculeLJ*, autopas::AlignedAllocator<mdLib::MoleculeLJ*, (unsigned long)64>>::data(void)",stl_vector.h,0x5099b5
"std::vector<mdLib::MoleculeLJ*, std::allocator<mdLib::MoleculeLJ*>>::push_back",0.0,0.0,0.0,0.0,0.0,0.0,0.0,37945360,0,0,0,0,0,8.000000,md-flexible,"std::vector<mdLib::MoleculeLJ*, std::allocator<mdLib::MoleculeLJ*>>::push_back(mdLib::MoleculeLJ* const&)",stl_vector.h,0x509f7e
"std::vector<mdLib::MoleculeLJ*, std::allocator<mdLib::MoleculeLJ*>>::push_back",0.0,0.0,0.0,0.0,0.0,100.0,0.0,9486340,4743170,0,0,0,0,19.000000,md-flexible,"std::vector<mdLib::MoleculeLJ*, std::allocator<mdLib::MoleculeLJ*>>::push_back(mdLib::MoleculeLJ* const&)",stl_vector.h,0x509fe3
"std::vector<mdLib::MoleculeLJ*, std::allocator<mdLib::MoleculeLJ*>>::push_back",0.0,0.0,18.7,0.0,0.0,0.0,0.0,56918040,4743170,0,0,0,0,7.333333,md-flexible,"std::vector<mdLib::MoleculeLJ*, std::allocator<mdLib::MoleculeLJ*>>::push_back(mdLib::MoleculeLJ* const&)",stl_vector.h,0x509979
unlink_chunk.isra.0,0.0,,82.5,0.0,0.0,82.5,0.0,0,0,0,0,0,0,0.0,libc.so.6,unlink_chunk.isra.0,[Unknown],0xb452e
