Function,CPU Time,CPU Time:Effective Time,CPU Time:Spin Time,CPU Time:Overhead Time,Module,Function (Full),Source File,Start Address
"mdLib::LJFunctorAVX<mdLib::MoleculeLJ, (bool)1, (bool)1, (autopas::FunctorN3Modes)2, (bool)0, (bool)0, (bool)1>::AoSFunctor",6.646194,6.646194,0.0,0.0,md-flexible,"mdLib::LJFunctorAVX<mdLib::MoleculeLJ, (bool)1, (bool)1, (autopas::FunctorN3Modes)2, (bool)0, (bool)0, (bool)1>::AoSFunctor(mdLib::MoleculeLJ&, mdLib::MoleculeLJ&, bool)",LJFunctorAVX.h,0x43f880
autopas::VerletListsLinkedReferencesBase<mdLib::MoleculeLJ>::hilbertAxesToTranspose,2.577771,2.577771,0.0,0.0,md-flexible,"autopas::VerletListsLinkedReferencesBase<mdLib::MoleculeLJ>::hilbertAxesToTranspose(std::array<unsigned long, (unsigned long)3>&, unsigned int) const",VerletListsLinkedReferencesBase.h,0x538d19
mdLib::MoleculeLJ::getTypeId,1.811908,1.811908,0.0,0.0,md-flexible,mdLib::MoleculeLJ::getTypeId(void) const,MoleculeLJ.cpp,0x6923b0
"autopas::VLListIterationTraversal<autopas::ReferenceParticleCell<mdLib::MoleculeLJ>, mdLib::LJFunctorAVX<mdLib::MoleculeLJ, (bool)1, (bool)1, (autopas::FunctorN3Modes)2, (bool)0, (bool)0, (bool)1>>::traverseParticles._omp_fn.0",1.799798,1.799798,0.0,0.0,md-flexible,"autopas::VLListIterationTraversal<autopas::ReferenceParticleCell<mdLib::MoleculeLJ>, mdLib::LJFunctorAVX<mdLib::MoleculeLJ, (bool)1, (bool)1, (autopas::FunctorN3Modes)2, (bool)0, (bool)0, (bool)1>>::traverseParticles._omp_fn.0",VLListIterationTraversal.h,0x57cda0
autopas::VerletListHelpers<mdLib::MoleculeLJ>::VerletListGeneratorFunctor::SoAFunctorPair,1.242158,1.242158,0.0,0.0,md-flexible,"autopas::VerletListHelpers<mdLib::MoleculeLJ>::VerletListGeneratorFunctor::SoAFunctorPair(autopas::SoAView<std::tuple<std::vector<mdLib::MoleculeLJ*, autopas::AlignedAllocator<mdLib::MoleculeLJ*, (unsigned long)64>>, std::vector<unsigned long, autopas::AlignedAllocator<unsigned long, (unsigned long)64>>, std::vector<double, autopas::AlignedAllocator<double, (unsigned long)64>>, std::vector<double, autopas::AlignedAllocator<double, (unsigned long)64>>, std::vector<double, autopas::AlignedAllocator<double, (unsigned long)64>>, std::vector<double, autopas::AlignedAllocator<double, (unsigned long)64>>, std::vector<double, autopas::AlignedAllocator<double, (unsigned long)64>>, std::vector<double, autopas::AlignedAllocator<double, (unsigned long)64>>, std::vector<double, autopas::AlignedAllocator<double, (unsigned long)64>>, std::vector<double, autopas::AlignedAllocator<double, (unsigned long)64>>, std::vector<double, autopas::AlignedAllocator<double, (unsigned long)64>>, std::vector<double, autopas::AlignedAllocator<double, (unsigned long)64>>, std::vector<double, autopas::AlignedAllocator<double, (unsigned long)64>>, std::vector<double, autopas::AlignedAllocator<double, (unsigned long)64>>, std::vector<unsigned long, autopas::AlignedAllocator<unsigned long, (unsigned long)64>>, std::vector<autopas::OwnershipState, autopas::AlignedAllocator<autopas::OwnershipState, (unsigned long)64>>>>, autopas::SoAView<std::tuple<std::vector<mdLib::MoleculeLJ*, autopas::AlignedAllocator<mdLib::MoleculeLJ*, (unsigned long)64>>, std::vector<unsigned long, autopas::AlignedAllocator<unsigned long, (unsigned long)64>>, std::vector<double, autopas::AlignedAllocator<double, (unsigned long)64>>, std::vector<double, autopas::AlignedAllocator<double, (unsigned long)64>>, std::vector<double, autopas::AlignedAllocator<double, (unsigned long)64>>, std::vector<double, autopas::AlignedAllocator<double, (unsigned long)64>>, std::vector<double, autopas::AlignedAllocator<double, (unsigned long)64>>, std::vector<double, autopas::AlignedAllocator<double, (unsigned long)64>>, std::vector<double, autopas::AlignedAllocator<double, (unsigned long)64>>, std::vector<double, autopas::AlignedAllocator<double, (unsigned long)64>>, std::vector<double, autopas::AlignedAllocator<double, (unsigned long)64>>, std::vector<double, autopas::AlignedAllocator<double, (unsigned long)64>>, std::vector<double, autopas::AlignedAllocator<double, (unsigned long)64>>, std::vector<double, autopas::AlignedAllocator<double, (unsigned long)64>>, std::vector<unsigned long, autopas::AlignedAllocator<unsigned long, (unsigned long)64>>, std::vector<autopas::OwnershipState, autopas::AlignedAllocator<autopas::OwnershipState, (unsigned long)64>>>>, bool)",VerletListHelpers.h,0x509c40
"autopas::utils::ArrayMath::sub<double, (unsigned long)3>",1.170166,1.170166,0.0,0.0,md-flexible,"autopas::utils::ArrayMath::sub<double, (unsigned long)3>((unsigned long)3 const&, (unsigned long)3 const)",ArrayMath.h,0x43f940
autopas::VerletListsLinkedReferencesBase<mdLib::MoleculeLJ>::hilbertKey,0.760120,0.760120,0.0,0.0,md-flexible,"autopas::VerletListsLinkedReferencesBase<mdLib::MoleculeLJ>::hilbertKey(std::array<unsigned long, (unsigned long)3>, unsigned int) const",VerletListsLinkedReferencesBase.h,0x538d19
"autopas::utils::ArrayMath::mulScalar<double, (unsigned long)3>",0.708051,0.708051,0.0,0.0,md-flexible,"autopas::utils::ArrayMath::mulScalar<double, (unsigned long)3>((unsigned long)3 const&, double)",ArrayMath.h,0x43f9b4
"autopas::utils::ArrayMath::dot<double, (unsigned long)3>",0.544057,0.544057,0.0,0.0,md-flexible,"autopas::utils::ArrayMath::dot<double, (unsigned long)3>(std::array<double, (unsigned long)3> const&, std::array<double, (unsigned long)3> const)",ArrayMath.h,0x43f945
"autopas::utils::ArrayMath::literals::operator+=<double, (unsigned long)3>",0.483925,0.483925,0.0,0.0,md-flexible,"autopas::utils::ArrayMath::literals::operator+=<double, (unsigned long)3>(std::array<double, (unsigned long)3>, (unsigned long)3 const&)",ArrayMath.h,0x43f9c0
"std::vector<mdLib::MoleculeLJ*, std::allocator<mdLib::MoleculeLJ*>>::push_back",0.399899,0.399899,0.0,0.0,md-flexible,"std::vector<mdLib::MoleculeLJ*, std::allocator<mdLib::MoleculeLJ*>>::push_back(mdLib::MoleculeLJ* const&)",stl_vector.h,0x509cb9
"ParticlePropertiesLibrary<double, unsigned long>::getMixingSigmaSquared",0.399825,0.399825,0.0,0.0,md-flexible,"ParticlePropertiesLibrary<double, unsigned long>::getMixingSigmaSquared(unsigned long, unsigned long) const",ParticlePropertiesLibrary.h,0x43f8db
"ParticlePropertiesLibrary<double, unsigned long>::getMixing24Epsilon",0.211949,0.211949,0.0,0.0,md-flexible,"ParticlePropertiesLibrary<double, unsigned long>::getMixing24Epsilon(unsigned long, unsigned long) const",ParticlePropertiesLibrary.h,0x43f917
autopas::VerletListsLinkedReferencesBase<mdLib::MoleculeLJ>::getParticleCoordinateForPosition,0.147967,0.147967,0.0,0.0,md-flexible,"autopas::VerletListsLinkedReferencesBase<mdLib::MoleculeLJ>::getParticleCoordinateForPosition(std::array<double, (unsigned long)3> const&) const",VerletListsLinkedReferencesBase.h,0x5388c0
TimeDiscretization::calculateVelocities._omp_fn.0,0.108012,0.108012,0.0,0.0,md-flexible,TimeDiscretization::calculateVelocities._omp_fn.0,TimeDiscretization.cpp,0x459720
"autopas::containerIteratorUtils::particleFulfillsIteratorRequirements<(bool)0, mdLib::MoleculeLJ, std::array<double, (unsigned long)3>>",0.100062,0.100062,0.0,0.0,md-flexible,"autopas::containerIteratorUtils::particleFulfillsIteratorRequirements<(bool)0, mdLib::MoleculeLJ, std::array<double, (unsigned long)3>>(mdLib::MoleculeLJ const&, autopas::options::IteratorBehavior, std::array<double, (unsigned long)3> const&, std::array<double, (unsigned long)3> const&)",ContainerIterator.h,0x50e71f
"std::vector<mdLib::MoleculeLJ*, std::allocator<mdLib::MoleculeLJ*>>::push_back",0.089587,0.089587,0.0,0.0,md-flexible,"std::vector<mdLib::MoleculeLJ*, std::allocator<mdLib::MoleculeLJ*>>::push_back(mdLib::MoleculeLJ* const&)",stl_vector.h,0x50a2be
autopas::VerletListHelpers<mdLib::MoleculeLJ>::VerletListGeneratorFunctor::SoAFunctorSingle,0.075935,0.075935,0.0,0.0,md-flexible,"autopas::VerletListHelpers<mdLib::MoleculeLJ>::VerletListGeneratorFunctor::SoAFunctorSingle(autopas::SoAView<std::tuple<std::vector<mdLib::MoleculeLJ*, autopas::AlignedAllocator<mdLib::MoleculeLJ*, (unsigned long)64>>, std::vector<unsigned long, autopas::AlignedAllocator<unsigned long, (unsigned long)64>>, std::vector<double, autopas::AlignedAllocator<double, (unsigned long)64>>, std::vector<double, autopas::AlignedAllocator<double, (unsigned long)64>>, std::vector<double, autopas::AlignedAllocator<double, (unsigned long)64>>, std::vector<double, autopas::AlignedAllocator<double, (unsigned long)64>>, std::vector<double, autopas::AlignedAllocator<double, (unsigned long)64>>, std::vector<double, autopas::AlignedAllocator<double, (unsigned long)64>>, std::vector<double, autopas::AlignedAllocator<double, (unsigned long)64>>, std::vector<double, autopas::AlignedAllocator<double, (unsigned long)64>>, std::vector<double, autopas::AlignedAllocator<double, (unsigned long)64>>, std::vector<double, autopas::AlignedAllocator<double, (unsigned long)64>>, std::vector<double, autopas::AlignedAllocator<double, (unsigned long)64>>, std::vector<double, autopas::AlignedAllocator<double, (unsigned long)64>>, std::vector<unsigned long, autopas::AlignedAllocator<unsigned long, (unsigned long)64>>, std::vector<autopas::OwnershipState, autopas::AlignedAllocator<autopas::OwnershipState, (unsigned long)64>>>>, bool)",VerletListHelpers.h,0x50a140
"std::unordered_map<mdLib::MoleculeLJ*, std::vector<mdLib::MoleculeLJ*, std::allocator<mdLib::MoleculeLJ*>>, std::hash<mdLib::MoleculeLJ*>, std::equal_to<mdLib::MoleculeLJ*>, std::allocator<std::pair<mdLib::MoleculeLJ* const, std::vector<mdLib::MoleculeLJ*, std::allocator<mdLib::MoleculeLJ*>>>>>::clear",0.070407,0.070407,0.0,0.0,md-flexible,"std::unordered_map<mdLib::MoleculeLJ*, std::vector<mdLib::MoleculeLJ*, std::allocator<mdLib::MoleculeLJ*>>, std::hash<mdLib::MoleculeLJ*>, std::equal_to<mdLib::MoleculeLJ*>, std::allocator<std::pair<mdLib::MoleculeLJ* const, std::vector<mdLib::MoleculeLJ*, std::allocator<mdLib::MoleculeLJ*>>>>>::clear(void)",unordered_map.h,0x542740
autopas::VerletListsLinkedReferencesBase<mdLib::MoleculeLJ>::sortingKeyForParticle,0.059954,0.059954,0.0,0.0,md-flexible,autopas::VerletListsLinkedReferencesBase<mdLib::MoleculeLJ>::sortingKeyForParticle(mdLib::MoleculeLJ const&) const,VerletListsLinkedReferencesBase.h,0x538840
"std::vector<mdLib::MoleculeLJ*, std::allocator<mdLib::MoleculeLJ*>>::push_back",0.047972,0.047972,0.0,0.0,md-flexible,"std::vector<mdLib::MoleculeLJ*, std::allocator<mdLib::MoleculeLJ*>>::push_back(mdLib::MoleculeLJ* const&)",stl_vector.h,0x50a323
autopas::LogicHandler<mdLib::MoleculeLJ>::checkNeighborListsInvalidDoDynamicRebuild._omp_fn.0,0.047960,0.047960,0.0,0.0,md-flexible,autopas::LogicHandler<mdLib::MoleculeLJ>::checkNeighborListsInvalidDoDynamicRebuild._omp_fn.0,LogicHandler.h,0x514b60
autopas::internal::CellBlock3D<autopas::ReferenceParticleCell<mdLib::MoleculeLJ>>::getCellBoundingBox,0.043986,0.043986,0.0,0.0,md-flexible,"autopas::internal::CellBlock3D<autopas::ReferenceParticleCell<mdLib::MoleculeLJ>>::getCellBoundingBox(std::array<unsigned long, (unsigned long)3> const&) const",CellBlock3D.h,0x53a18d
autopas::utils::inBox<double>,0.035986,0.035986,0.0,0.0,md-flexible,"autopas::utils::inBox<double>(std::array<double, (unsigned long)3> const&, std::array<double, (unsigned long)3> const&, std::array<double, (unsigned long)3> const&)",inBox.h,0x51d320
TimeDiscretization::calculatePositionsAndResetForces._omp_fn.0,0.032035,0.032035,0.0,0.0,md-flexible,TimeDiscretization::calculatePositionsAndResetForces._omp_fn.0,TimeDiscretization.cpp,0x4593c0
gomp_iter_ull_dynamic_next,0.027998,0.027998,0.0,0.0,libgomp.so.1,gomp_iter_ull_dynamic_next,iter_ull.c,0x12970
gomp_unset_lock_30,0.019981,0.019981,0.0,0.0,libgomp.so.1,gomp_unset_lock_30,lock.c,0x23de0
autopas::internal::CellBlock3D<autopas::ReferenceParticleCell<mdLib::MoleculeLJ>>::get3DIndexOfPosition,0.012069,0.012069,0.0,0.0,md-flexible,"autopas::internal::CellBlock3D<autopas::ReferenceParticleCell<mdLib::MoleculeLJ>>::get3DIndexOfPosition(std::array<double, (unsigned long)3> const&) const",CellBlock3D.h,0x501376
_mid_memalign.isra.0,0.012019,0.012019,0.0,0.0,libc.so.6,_mid_memalign.isra.0,[Unknown],0xb844e
"std::vector<double, autopas::AlignedAllocator<double, (unsigned long)64>>::resize",0.012009,0.012009,0.0,0.0,md-flexible,"std::vector<double, autopas::AlignedAllocator<double, (unsigned long)64>>::resize(unsigned long)",stl_vector.h,0x54c840
"std::tuple<mdLib::MoleculeLJ const*, unsigned long, unsigned long>::tuple<mdLib::MoleculeLJ const*&, unsigned long&, unsigned long&>",0.012005,0.012005,0.0,0.0,md-flexible,"std::tuple<mdLib::MoleculeLJ const*, unsigned long, unsigned long>::tuple<mdLib::MoleculeLJ const*&, unsigned long&, unsigned long&>(mdLib::MoleculeLJ const*&&&)",tuple,0x50e74f
autopas::LinkedCellsReferences<mdLib::MoleculeLJ>::advanceIteratorIndices<(bool)0>,0.012004,0.012004,0.0,0.0,md-flexible,"autopas::LinkedCellsReferences<mdLib::MoleculeLJ>::advanceIteratorIndices<(bool)0>(unsigned long, unsigned long, autopas::options::IteratorBehavior, std::array<double, (unsigned long)3> const&, std::array<double, (unsigned long)3> const&, std::array<double, (unsigned long)3> const&, std::array<double, (unsigned long)3> const&, unsigned long) const",LinkedCellsReferences.h,0x4fe180
"std::vector<autopas::ReferenceParticleCell<mdLib::MoleculeLJ>, std::allocator<autopas::ReferenceParticleCell<mdLib::MoleculeLJ>>>::size",0.012000,0.012000,0.0,0.0,md-flexible,"std::vector<autopas::ReferenceParticleCell<mdLib::MoleculeLJ>, std::allocator<autopas::ReferenceParticleCell<mdLib::MoleculeLJ>>>::size(void) const",stl_vector.h,0x50e6b5
"std::vector<float, std::allocator<float>>::resize",0.012000,0.012000,0.0,0.0,libpmt.so,"std::vector<float, std::allocator<float>>::resize(unsigned long)",stl_vector.h,0x87af
autopas::ReferenceParticleCell<mdLib::MoleculeLJ>::operator[],0.011999,0.011999,0.0,0.0,md-flexible,autopas::ReferenceParticleCell<mdLib::MoleculeLJ>::operator[](unsigned long) const,ReferenceParticleCell.h,0x50e748
"autopas::ColorBasedTraversal<autopas::ReferenceParticleCell<mdLib::MoleculeLJ>, autopas::VerletListHelpers<mdLib::MoleculeLJ>::VerletListGeneratorFunctor, (int)3>::initTraversal._omp_fn.0",0.011997,0.011997,0.0,0.0,md-flexible,"autopas::ColorBasedTraversal<autopas::ReferenceParticleCell<mdLib::MoleculeLJ>, autopas::VerletListHelpers<mdLib::MoleculeLJ>::VerletListGeneratorFunctor, (int)3>::initTraversal._omp_fn.0",ColorBasedTraversal.h,0x502320
"autopas::internal::CellFunctor<autopas::ReferenceParticleCell<mdLib::MoleculeLJ>, autopas::VerletListHelpers<mdLib::MoleculeLJ>::VerletListGeneratorFunctor, (bool)1>::processCellPairSoAImpl",0.011994,0.011994,0.0,0.0,md-flexible,"autopas::internal::CellFunctor<autopas::ReferenceParticleCell<mdLib::MoleculeLJ>, autopas::VerletListHelpers<mdLib::MoleculeLJ>::VerletListGeneratorFunctor, (bool)1>::processCellPairSoAImpl(autopas::ReferenceParticleCell<mdLib::MoleculeLJ>&, autopas::ReferenceParticleCell<mdLib::MoleculeLJ>&)",CellFunctor.h,0x54c6d0
func@0x408e70,0.011992,0.011992,0.0,0.0,md-flexible,func@0x408e70,[Unknown],0x408e70
autopas::LinkedCellsReferences<mdLib::MoleculeLJ>::getParticleImpl<(bool)0>,0.011992,0.011992,0.0,0.0,md-flexible,"autopas::LinkedCellsReferences<mdLib::MoleculeLJ>::getParticleImpl<(bool)0>(unsigned long, unsigned long, autopas::options::IteratorBehavior, std::array<double, (unsigned long)3> const&, std::array<double, (unsigned long)3> const&) const",LinkedCellsReferences.h,0x50e651
"autopas::containerIteratorUtils::particleFulfillsIteratorRequirements<(bool)1, mdLib::MoleculeLJ, std::array<double, (unsigned long)3>>",0.011991,0.011991,0.0,0.0,md-flexible,"autopas::containerIteratorUtils::particleFulfillsIteratorRequirements<(bool)1, mdLib::MoleculeLJ, std::array<double, (unsigned long)3>>(mdLib::MoleculeLJ const&, autopas::options::IteratorBehavior, std::array<double, (unsigned long)3> const&, std::array<double, (unsigned long)3> const&)",ContainerIterator.h,0x51d320
autopas::AutoPasLock::unlock,0.011959,0.011959,0.0,0.0,md-flexible,autopas::AutoPasLock::unlock(void),WrapOpenMP.h,0x51cdf9
"autopas::ParticleBase<double, unsigned long>::ParticleBase",0.010038,0.010038,0.0,0.0,md-flexible,"autopas::ParticleBase<double, unsigned long>::ParticleBase(autopas::ParticleBase<double, unsigned long> const&)",ParticleBase.h,0x4436f7
OS_BARESYSCALL_DoCallAsmIntel64Linux,0.010000,0.010000,0.0,0.0,libc-dynamic.so,OS_BARESYSCALL_DoCallAsmIntel64Linux,[Unknown],0x80964
"std::vector<mdLib::MoleculeLJ*, std::allocator<mdLib::MoleculeLJ*>>::size",0.008024,0.008024,0.0,0.0,md-flexible,"std::vector<mdLib::MoleculeLJ*, std::allocator<mdLib::MoleculeLJ*>>::size(void) const",stl_vector.h,0x53a335
"autopas::SoAView<std::tuple<std::vector<mdLib::MoleculeLJ*, autopas::AlignedAllocator<mdLib::MoleculeLJ*, (unsigned long)64>>, std::vector<unsigned long, autopas::AlignedAllocator<unsigned long, (unsigned long)64>>, std::vector<double, autopas::AlignedAllocator<double, (unsigned long)64>>, std::vector<double, autopas::AlignedAllocator<double, (unsigned long)64>>, std::vector<double, autopas::AlignedAllocator<double, (unsigned long)64>>, std::vector<double, autopas::AlignedAllocator<double, (unsigned long)64>>, std::vector<double, autopas::AlignedAllocator<double, (unsigned long)64>>, std::vector<double, autopas::AlignedAllocator<double, (unsigned long)64>>, std::vector<double, autopas::AlignedAllocator<double, (unsigned long)64>>, std::vector<double, autopas::AlignedAllocator<double, (unsigned long)64>>, std::vector<double, autopas::AlignedAllocator<double, (unsigned long)64>>, std::vector<double, autopas::AlignedAllocator<double, (unsigned long)64>>, std::vector<double, autopas::AlignedAllocator<double, (unsigned long)64>>, std::vector<double, autopas::AlignedAllocator<double, (unsigned long)64>>, std::vector<unsigned long, autopas::AlignedAllocator<unsigned long, (unsigned long)64>>, std::vector<autopas::OwnershipState, autopas::AlignedAllocator<autopas::OwnershipState, (unsigned long)64>>>>::size",0.008020,0.008020,0.0,0.0,md-flexible,"autopas::SoAView<std::tuple<std::vector<mdLib::MoleculeLJ*, autopas::AlignedAllocator<mdLib::MoleculeLJ*, (unsigned long)64>>, std::vector<unsigned long, autopas::AlignedAllocator<unsigned long, (unsigned long)64>>, std::vector<double, autopas::AlignedAllocator<double, (unsigned long)64>>, std::vector<double, autopas::AlignedAllocator<double, (unsigned long)64>>, std::vector<double, autopas::AlignedAllocator<double, (unsigned long)64>>, std::vector<double, autopas::AlignedAllocator<double, (unsigned long)64>>, std::vector<double, autopas::AlignedAllocator<double, (unsigned long)64>>, std::vector<double, autopas::AlignedAllocator<double, (unsigned long)64>>, std::vector<double, autopas::AlignedAllocator<double, (unsigned long)64>>, std::vector<double, autopas::AlignedAllocator<double, (unsigned long)64>>, std::vector<double, autopas::AlignedAllocator<double, (unsigned long)64>>, std::vector<double, autopas::AlignedAllocator<double, (unsigned long)64>>, std::vector<double, autopas::AlignedAllocator<double, (unsigned long)64>>, std::vector<double, autopas::AlignedAllocator<double, (unsigned long)64>>, std::vector<unsigned long, autopas::AlignedAllocator<unsigned long, (unsigned long)64>>, std::vector<autopas::OwnershipState, autopas::AlignedAllocator<autopas::OwnershipState, (unsigned long)64>>>>::size(void) const",SoAView.h,0x509d52
_ZSt12construct_atIPN5mdLib10MoleculeLJEJRKS2_EEDTgsnwcvPvLi0E_T_pispcl7declvalIT0_EEEEPS6_DpOS7_,0.008016,0.008016,0.0,0.0,md-flexible,_ZSt12construct_atIPN5mdLib10MoleculeLJEJRKS2_EEDTgsnwcvPvLi0E_T_pispcl7declvalIT0_EEEEPS6_DpOS7_,stl_construct.h,0x509f3e
autopas::VerletListsLinkedReferencesBase<mdLib::MoleculeLJ>::bitsNeeded,0.008013,0.008013,0.0,0.0,md-flexible,autopas::VerletListsLinkedReferencesBase<mdLib::MoleculeLJ>::bitsNeeded(unsigned long) const,VerletListsLinkedReferencesBase.h,0x538cf1
autopas::internal::CellBlock3D<autopas::ReferenceParticleCell<mdLib::MoleculeLJ>>::cellCanContainHaloParticles,0.008005,0.008005,0.0,0.0,md-flexible,autopas::internal::CellBlock3D<autopas::ReferenceParticleCell<mdLib::MoleculeLJ>>::cellCanContainHaloParticles(unsigned long) const,CellBlock3D.h,0x53a0d8
_ZN7autopas19ColorBasedTraversalINS_21ReferenceParticleCellIN5mdLib10MoleculeLJEEENS_17VerletListHelpersIS3_E26VerletListGeneratorFunctorELi3EE14colorTraversalIZNS_14LCC08TraversalIS4_S7_E17traverseParticlesEvEUlmmmE_EEvOT_RKSt5arrayImLm3EESI_SI_._omp_fn.0,0.008004,0.008004,0.0,0.0,md-flexible,_ZN7autopas19ColorBasedTraversalINS_21ReferenceParticleCellIN5mdLib10MoleculeLJEEENS_17VerletListHelpersIS3_E26VerletListGeneratorFunctorELi3EE14colorTraversalIZNS_14LCC08TraversalIS4_S7_E17traverseParticlesEvEUlmmmE_EEvOT_RKSt5arrayImLm3EESI_SI_._omp_fn.0,ColorBasedTraversal.h,0x553f10
autopas::LinkedCellsReferences<mdLib::MoleculeLJ>::advanceIteratorIndices<(bool)1>,0.007999,0.007999,0.0,0.0,md-flexible,"autopas::LinkedCellsReferences<mdLib::MoleculeLJ>::advanceIteratorIndices<(bool)1>(unsigned long, unsigned long, autopas::options::IteratorBehavior, std::array<double, (unsigned long)3> const&, std::array<double, (unsigned long)3> const&, std::array<double, (unsigned long)3> const&, std::array<double, (unsigned long)3> const&, unsigned long) const",LinkedCellsReferences.h,0x53a080
"std::unordered_map<mdLib::MoleculeLJ*, std::vector<mdLib::MoleculeLJ*, std::allocator<mdLib::MoleculeLJ*>>, std::hash<mdLib::MoleculeLJ*>, std::equal_to<mdLib::MoleculeLJ*>, std::allocator<std::pair<mdLib::MoleculeLJ* const, std::vector<mdLib::MoleculeLJ*, std::allocator<mdLib::MoleculeLJ*>>>>>::~unordered_map",0.007999,0.007999,0.0,0.0,md-flexible,"std::unordered_map<mdLib::MoleculeLJ*, std::vector<mdLib::MoleculeLJ*, std::allocator<mdLib::MoleculeLJ*>>, std::hash<mdLib::MoleculeLJ*>, std::equal_to<mdLib::MoleculeLJ*>, std::allocator<std::pair<mdLib::MoleculeLJ* const, std::vector<mdLib::MoleculeLJ*, std::allocator<mdLib::MoleculeLJ*>>>>>::~unordered_map(void)",unordered_map.h,0x525143
"std::pair<std::array<double, (unsigned long)3>, std::array<double, (unsigned long)3>>::pair<std::array<double, (unsigned long)3>&, std::array<double, (unsigned long)3>&>",0.007986,0.007986,0.0,0.0,md-flexible,"std::pair<std::array<double, (unsigned long)3>, std::array<double, (unsigned long)3>>::pair<std::array<double, (unsigned long)3>&, std::array<double, (unsigned long)3>&>(std::array<double, (unsigned long)3>&&&, std::array<double, (unsigned long)3>&&&)",stl_pair.h,0x53a258
"autopas::ParticleBase<double, unsigned long>::ParticleBase",0.007972,0.007972,0.0,0.0,md-flexible,"autopas::ParticleBase<double, unsigned long>::ParticleBase(autopas::ParticleBase<double, unsigned long> const&)",ParticleBase.h,0x452297
autopas::LinkedCellsReferences<mdLib::MoleculeLJ>::updateContainer._omp_fn.0,0.007966,0.007966,0.0,0.0,md-flexible,autopas::LinkedCellsReferences<mdLib::MoleculeLJ>::updateContainer._omp_fn.0,LinkedCellsReferences.h,0x501630
